Experiment,Time,TR_u_IPTG,TR_u_aTc,READOUT_RFP,READOUT_GFP,STD_RFP,STD_GFP
1,0,1,1.00E-06,1690.51,3.51478,0,0
1,4.983333333,1,1.00E-06,1806.332909,16.73257485,0,0
1,9.983333333,1,1.00E-06,1913.226586,41.24625783,0,0
1,14.91666667,1,1.00E-06,2009.465314,68.76277356,0,0
1,19.98333333,1,1.00E-06,2097.26988,97.49729783,0,0
1,24.93333333,1,1.00E-06,2169.55384,124.7309454,0,0
1,29.96666667,1,1.00E-06,2226.274489,150.9898633,0,0
1,34.93333333,1,1.00E-06,2263.383543,175.2940122,0,0
1,39.93333333,1,1.00E-06,2280.994133,198.1614001,0,0
1,44.93333333,1,1.00E-06,2279.492993,219.5406333,0,0
1,49.93333333,1,1.00E-06,2260.721387,239.5955942,0,0
1,54.93333333,1,1.00E-06,2227.141566,258.5040829,0,0
1,59.96666667,1,1.00E-06,2181.059756,276.5570842,0,0
1,64.93333333,1,1.00E-06,2126.039575,293.5668981,0,0
1,69.93333333,1,1.00E-06,2063.351815,310.0305859,0,0
1,74.93333333,1,1.00E-06,1995.315991,325.9623556,0,0
1,79.93333333,1,1.00E-06,1923.597655,341.4775592,0,0
1,84.93333333,1,1.00E-06,1849.572834,356.6771609,0,0
1,89.93333333,1,1.00E-06,1774.363309,371.6490746,0,0
1,94.93333333,1,1.00E-06,1698.874223,386.4695144,0,0
1,99.93333333,1,1.00E-06,1623.829177,401.2042412,0,0
1,104.9333333,1,1.00E-06,1549.801229,415.9096794,0,0
1,109.9333333,1,1.00E-06,1477.239397,430.633897,0,0
1,114.9333333,1,1.00E-06,1406.490771,445.4174503,0,0
1,119.9333333,1,1.00E-06,1337.818863,460.2941154,0,0
1,124.9333333,1,1.00E-06,1271.418656,475.2915117,0,0
1,129.9333333,1,1.00E-06,1207.428966,490.4316409,0,0
1,134.9333333,1,1.00E-06,1145.94257,505.7313537,0,0
1,139.9333333,1,1.00E-06,1087.014558,521.2027634,0,0
1,144.9333333,1,1.00E-06,1030.669131,536.8535989,0,0
1,149.9666667,1,1.00E-06,976.555479,552.7937165,0,0
1,155.2166667,1,1.00E-06,922.8759264,569.6175684,0,0
1,160.2,1,1.00E-06,874.4933717,585.7697271,0,0
1,165.1166667,1,1.00E-06,829.1605479,601.8735924,0,0
1,169.95,1,1.00E-06,786.864393,617.8579027,0,0
1,174.9666667,1,1.00E-06,745.2739641,634.5972726,0,0
1,180.0833333,1,1.00E-06,705.1992028,651.8110648,0,0
1,184.9333333,1,1.00E-06,669.3207044,668.2425462,0,0
1,189.9333333,1,1.00E-06,634.3971821,685.2806451,0,0
1,194.9666667,1,1.00E-06,601.2714541,702.512668,0,0
1,199.9666667,1,1.00E-06,570.2945196,719.6883115,0,0
1,204.9833333,1,1.00E-06,541.0587917,736.9557551,0,0
1,209.9333333,1,1.00E-06,513.9368816,754.004028,0,0
1,214.9333333,1,1.00E-06,488.1956472,771.2104243,0,0
1,219.9666667,1,1.00E-06,463.8774623,788.4919631,0,0
1,224.9333333,1,1.00E-06,441.3679861,805.4806359,0,0
1,229.9333333,1,1.00E-06,420.1193524,822.4940481,0,0
1,234.9833333,1,1.00E-06,400.0175101,839.5613514,0,0
1,239.95,1,1.00E-06,381.505368,856.2087122,0,0
1,244.9333333,1,1.00E-06,364.1136268,872.7504804,0,0
1,249.9333333,1,1.00E-06,347.7855556,889.1621507,0,0
1,254.9333333,1,1.00E-06,332.515272,905.3660769,0,0
1,259.95,1,1.00E-06,318.1937784,921.3941623,0,0
1,264.9333333,1,1.00E-06,304.8990132,937.0681349,0,0
1,269.9333333,1,1.00E-06,292.4359297,952.5281058,0,0
1,274.9333333,1,1.00E-06,280.796337,967.7041853,0,0
1,279.9833333,1,1.00E-06,269.8239476,982.7279774,0,0
1,284.9333333,1,1.00E-06,259.7849978,997.1437541,0,0
1,289.95,1,1.00E-06,250.2882754,1011.427423,0,0
1,294.9333333,1,1.00E-06,241.4867947,1025.280006,0,0
1,299.95,1,1.00E-06,233.2217763,1038.87722,0,0
1,304.9333333,1,1.00E-06,225.5647536,1052.030346,0,0
1,309.9333333,1,1.00E-06,218.3999869,1064.866552,0,0
1,315.2,1,1.00E-06,211.3766872,1077.990756,0,0
1,319.9833333,1,1.00E-06,205.432635,1089.5543,0,0
1,324.9333333,1,1.00E-06,199.6882798,1101.161391,0,0
1,329.95,1,1.00E-06,194.2611033,1112.550725,0,0
1,335.2666667,1,1.00E-06,188.9134282,1124.210138,0,0
1,340.0166667,1,1.00E-06,184.4636889,1134.270231,0,0
1,345.05,1,1.00E-06,180.0634047,1144.565315,0,0
1,349.9833333,1,1.00E-06,176.044132,1154.294373,0,0
1,354.9333333,1,1.00E-06,172.2837447,1163.700547,0,0
1,359.9333333,1,1.00E-06,168.7438024,1172.844734,0,0
1,364.9333333,1,1.00E-06,165.4459951,1181.635673,0,0
1,369.9333333,1,1.00E-06,162.3738355,1190.079575,0,0
1,374.95,1,1.00E-06,159.5027257,1198.209684,0,0
1,380,1,1.00E-06,156.811627,1206.055337,0,0
1,384.9333333,1,1.00E-06,154.3623772,1213.399441,0,0
1,389.9833333,1,1.00E-06,152.0265059,1220.597543,0,0
1,394.95,1,1.00E-06,149.8866608,1227.369755,0,0
1,399.95,1,1.00E-06,147.8793573,1233.888434,0,0
1,404.9333333,1,1.00E-06,146.015359,1240.095682,0,0
1,409.9333333,1,1.00E-06,144.2727817,1246.041992,0,0
1,414.9333333,1,1.00E-06,142.6492864,1251.715215,0,0
1,419.9333333,1,1.00E-06,141.1366778,1257.124493,0,0
1,424.9333333,1.00E-06,100,139.7273219,1262.278979,0,0
1,429.95,1.00E-06,100,146.5160127,1263.250922,0,0
1,434.9333333,1.00E-06,100,154.6393173,1255.367875,0,0
1,439.95,1.00E-06,100,163.1366152,1237.775047,0,0
1,444.95,1.00E-06,100,171.9704836,1210.379614,0,0
1,449.9333333,1.00E-06,100,181.4291904,1173.689037,0,0
1,454.95,1.00E-06,100,192.0518614,1128.350226,0,0
1,459.9333333,1.00E-06,100,204.2636606,1076.543819,0,0
1,464.9333333,1.00E-06,100,218.8841159,1019.670794,0,0
1,469.95,1.00E-06,100,236.8003762,959.6368138,0,0
1,474.9333333,1.00E-06,100,258.8356798,898.8399205,0,0
1,479.9333333,1.00E-06,100,286.3651257,838.1781103,0,0
1,484.9333333,1.00E-06,100,320.6199406,779.0184386,0,0
1,489.9333333,1.00E-06,100,362.9402674,722.1907317,0,0
1,495.0666667,1.00E-06,100,416.0992601,666.8343245,0,0
1,499.9333333,1.00E-06,100,476.5625857,617.4369583,0,0
1,504.9333333,1.00E-06,100,549.4569228,569.9286898,0,0
1,509.9333333,1.00E-06,100,633.2664736,525.6990652,0,0
1,515,1.00E-06,100,728.6462144,484.1313756,0,0
1,519.9333333,1.00E-06,100,830.3420691,446.6630207,0,0
1,524.9333333,1.00E-06,100,940.5033197,411.5458195,0,0
1,529.9333333,1.00E-06,100,1055.702759,379.1244831,0,0
1,534.95,1.00E-06,100,1174.144198,349.1195363,0,0
1,539.9333333,1.00E-06,100,1292.557774,321.6382411,0,0
1,544.9833333,1.00E-06,100,1411.461411,295.9773144,0,0
1,549.9333333,1.00E-06,100,1525.442948,272.8008971,0,0
1,554.9333333,1.00E-06,100,1636.824713,251.224632,0,0
1,559.9333333,1.00E-06,100,1743.58477,231.3497844,0,0
1,564.9333333,1.00E-06,100,1845.150566,213.0439265,0,0
1,569.9333333,1.00E-06,100,1941.184634,196.1843595,0,0
1,574.9333333,1.00E-06,100,2031.536374,180.6575963,0,0
1,579.9333333,1.00E-06,100,2116.198211,166.358804,0,0
1,584.9333333,1.00E-06,100,2195.268075,153.1912244,0,0
1,589.9333333,1.00E-06,100,2268.918735,141.0656082,0,0
1,594.9333333,1.00E-06,100,2337.373537,129.8996699,0,0
1,599.9333333,1.00E-06,100,2400.887674,119.6175696,0,0
1,605.1166667,1.00E-06,100,2461.806675,109.8168792,0,0
1,609.9333333,1.00E-06,100,2514.192974,101.430845,0,0
1,615.0333333,1.00E-06,100,2565.511383,93.24862369,0,0
1,619.95,1.00E-06,100,2611.211606,85.98622055,0,0
1,624.9333333,1.00E-06,100,2654.013147,79.20251059,0,0
1,629.95,1.00E-06,100,2693.776416,72.91411691,0,0
1,635.0333333,1.00E-06,100,2730.914186,67.05147911,0,0
1,640.0166667,1.00E-06,100,2764.468679,61.76221657,0,0
1,644.9333333,1.00E-06,100,2795.013484,56.952991,0,0
1,649.9333333,1.00E-06,100,2823.663622,52.44637086,0,0
1,654.9333333,1.00E-06,100,2850.065841,48.29659427,0,0
1,659.9333333,1.00E-06,100,2874.392963,44.47540689,0,0
1,664.9333333,1.00E-06,100,2896.805414,40.95679115,0,0
1,669.9166667,1.00E-06,100,2917.385844,37.72715138,0,0
1,674.9333333,1.00E-06,100,2936.47003,34.73334038,0,0
1,679.9333333,1.00E-06,100,2953.987135,31.98613014,0,0
1,684.9333333,1.00E-06,100,2970.120827,29.45645276,0,0
1,689.9333333,1.00E-06,100,2984.979726,27.1270835,0,0
1,694.9333333,1.00E-06,100,2998.664081,24.98216147,0,0
1,699.9333333,1.00E-06,100,3011.266377,23.00708165,0,0
1,704.9333333,1.00E-06,100,3022.871907,21.18839546,0,0
1,709.9333333,1.00E-06,100,3033.559305,19.51371919,0,0
1,714.95,1.00E-06,100,3043.432524,17.96671926,0,0
1,719.9333333,1.00E-06,100,3052.463957,16.55168678,0,0
1,724.95,1.00E-06,100,3060.836244,15.23998108,0,0
1,729.9666667,1.00E-06,100,3068.543707,14.03247309,0,0
2,0,0.8,20,14.8601,2093.26,0,0
2,5.05,0.8,20,23.74115104,2050.866295,0,0
2,10.05,0.8,20,32.15621338,2009.913944,0,0
2,15.05,0.8,20,40.10564207,1970.114793,0,0
2,20.05,0.8,20,47.5983992,1931.596164,0,0
2,25.05,0.8,20,54.66185513,1894.458903,0,0
2,30.05,0.8,20,61.32860711,1858.772603,0,0
2,35.05,0.8,20,67.63201071,1824.576833,0,0
2,40.05,0.8,20,73.60431202,1791.885155,0,0
2,45.05,0.8,20,79.27581897,1760.690011,0,0
2,50.05,0.8,20,84.67455769,1730.967451,0,0
2,55.05,0.8,20,89.82617416,1702.681295,0,0
2,60.06666667,0.8,20,94.7700412,1675.699184,0,0
2,65.05,0.8,20,99.47897792,1650.23224,0,0
2,70.05,0.8,20,104.0201412,1625.963442,0,0
2,75.05,0.8,20,108.3944164,1602.923085,0,0
2,80.05,0.8,20,112.6169496,1581.053161,0,0
2,85.05,0.8,20,116.7012271,1560.2957,0,0
2,90.05,0.8,20,120.659217,1540.593504,0,0
2,95.05,0.8,20,124.5015138,1521.890675,0,0
2,100.05,0.8,20,128.2374735,1504.13298,0,0
2,105.05,0.8,20,131.8753378,1487.268131,0,0
2,110.05,0.8,20,135.422347,1471.245971,0,0
2,115.05,0.8,20,138.8848512,1456.018579,0,0
2,120.05,0.8,20,142.2684086,1441.54033,0,0
2,125.05,0.8,20,145.5778778,1427.767899,0,0
2,130.05,0.8,20,148.8174997,1414.660261,0,0
2,135.05,0.8,20,151.9909741,1402.17864,0,0
2,140.05,0.8,20,155.101527,1390.286461,0,0
2,145.05,0.8,20,158.1519728,1378.949274,0,0
2,150.05,0.8,20,161.14477,1368.134667,0,0
2,155.05,0.8,20,164.0820695,1357.812187,0,0
2,160.05,0.8,20,166.9657565,1347.953271,0,0
2,165.05,0.8,20,169.7974928,1338.531102,0,0
2,170.05,0.8,20,172.5787486,1329.520544,0,0
2,175.05,0.8,20,175.3108314,1320.898062,0,0
2,180.05,0.25,75,177.9949127,1312.641614,0,0
2,185.05,0.25,75,181.4126484,1301.984309,0,0
2,190.05,0.25,75,185.6367307,1286.546515,0,0
2,195.05,0.25,75,190.3265258,1267.118603,0,0
2,200.05,0.25,75,195.4286283,1244.650361,0,0
2,205.05,0.25,75,200.9686931,1220.0934,0,0
2,210.05,0.25,75,206.996972,1194.288155,0,0
2,215.05,0.25,75,213.5685981,1167.907023,0,0
2,220.05,0.25,75,220.7361684,1141.445044,0,0
2,225.05,0.25,75,228.5475414,1115.239608,0,0
2,230.05,0.25,75,237.0459679,1089.502114,0,0
2,235.05,0.25,75,246.2712125,1064.350479,0,0
2,240.05,0.25,75,256.2610096,1039.837186,0,0
2,245.05,0.25,75,267.0525336,1015.971255,0,0
2,250.05,0.25,75,278.6837373,992.7344084,0,0
2,255.05,0.25,75,291.1945014,970.0924939,0,0
2,260.05,0.25,75,304.627583,948.0032536,0,0
2,265.05,0.25,75,319.0293669,926.421454,0,0
2,270.05,0.25,75,334.4504416,905.3021566,0,0
2,275.05,0.25,75,350.9460087,884.6027182,0,0
2,280.05,0.25,75,368.5761351,864.2839394,0,0
2,285.05,0.25,75,387.4058556,844.3106563,0,0
2,290.05,0.25,75,407.5051195,824.6519802,0,0
2,295.0666667,0.25,75,429.022386,805.2172051,0,0
2,300.05,0.25,75,451.8151611,786.1762697,0,0
2,305.05,0.25,75,476.187527,767.3184492,0,0
2,310.05,0.25,75,502.151184,748.6932817,0,0
2,315.05,0.25,75,529.7934314,730.2897818,0,0
2,320.05,0.25,75,559.2019881,712.1003333,0,0
2,325.05,0.25,75,590.4633193,694.1204718,0,0
2,330.05,0.25,75,623.660639,676.3486709,0,0
2,335.05,0.25,75,658.8716084,658.7861275,0,0
2,340.05,0.25,75,696.165681,641.4365495,0,0
2,345.05,0.25,75,735.6012278,624.3059303,0,0
2,350.05,0.25,75,777.2224421,607.4023173,0,0
2,355.05,0.25,75,821.056115,590.7355641,0,0
2,360.05,0.25,75,867.1084764,574.3170686,0,0
2,365.05,0.25,75,915.3622033,558.1594965,0,0
2,370.05,0.25,75,965.7737958,542.2764816,0,0
2,375.05,0.25,75,1018.271518,526.682329,0,0
2,380.05,0.25,75,1072.754061,511.3916976,0,0
2,385.05,0.25,75,1129.090129,496.4192884,0,0
2,390.05,0.25,75,1187.119059,481.7795359,0,0
2,395.05,0.25,75,1246.6525,467.4863131,0,0
2,400.05,0.25,75,1307.477163,453.5526605,0,0
2,405.05,0.25,75,1369.35856,439.9905397,0,0
2,410.05,0.25,75,1432.045548,426.810619,0,0
2,415.05,0.25,75,1495.275489,414.0221043,0,0
2,420.05,0.25,75,1558.779727,401.6326049,0,0
2,425.05,0.25,75,1622.289134,389.6480451,0,0
2,430.05,0.25,75,1685.53948,378.072616,0,0
2,435.05,0.25,75,1748.27634,366.908768,0,0
2,440.05,0.25,75,1810.259419,356.1572366,0,0
2,445.05,0.25,75,1871.2661,345.8171021,0,0
2,450.05,0.25,75,1931.094208,335.8858732,0,0
2,455.05,0.25,75,1989.563909,326.3595923,0,0
2,460.05,0.25,75,2046.518831,317.2329561,0,0
2,465.05,0.25,75,2101.826452,308.4994462,0,0
2,470.05,0.25,75,2155.377849,300.1514648,0,0
2,475.05,0.25,75,2207.086912,292.1804742,0,0
2,480.05,0.25,75,2256.889144,284.5771315,0,0
2,485.05,0.25,75,2304.740178,277.3314237,0,0
2,490.05,0.25,75,2350.61403,270.4327913,0,0
2,495.05,0.25,75,2394.501284,263.8702482,0,0
2,500.05,0.25,75,2436.407199,257.6324901,0,0
2,505.05,0.25,75,2476.349847,251.7079954,0,0
2,510.05,0.25,75,2514.358298,246.0851149,0,0
2,515.05,0.25,75,2550.470911,240.7521537,0,0
2,520.05,0.25,75,2584.733739,235.6974404,0,0
2,525.05,0.25,75,2617.199057,230.9093907,0,0
2,530.05,0.25,75,2647.924043,226.3765617,0,0
2,535.05,0.25,75,2676.96959,222.0876976,0,0
2,540.05,0.25,75,2704.399258,218.0317684,0,0
2,545.05,0.25,75,2730.278359,214.1980018,0,0
2,550.05,0.25,75,2754.673166,210.5759096,0,0
2,555.05,0.25,75,2777.650239,207.1553076,0,0
2,560.05,0.25,75,2799.275846,203.9263327,0,0
2,565.05,0.25,75,2819.615493,200.8794532,0,0
2,570.05,0.25,75,2838.733527,198.0054776,0,0
2,575.05,0.25,75,2856.692818,195.2955587,0,0
2,580.05,0.25,75,2873.554505,192.7411966,0,0
2,585.05,0.25,75,2889.377812,190.3342354,0,0
2,590.05,0.25,75,2904.219895,188.0668621,0,0
2,595.05,0.25,75,2918.135719,185.9316055,0,0
2,600.05,0.25,75,2931.178005,183.9213273,0,0
2,605.05,0.25,75,2943.397221,182.0292126,0,0
2,610.05,0.25,75,2954.841533,180.2487658,0,0
2,615.05,0.25,75,2965.556823,178.5738019,0,0
2,620.05,0.25,75,2975.586737,176.998434,0,0
2,625.05,0.25,75,2984.972701,175.5170669,0,0
2,630.05,0.25,75,2993.753986,174.1243857,0,0
2,635.05,0.25,75,3001.967765,172.8153457,0,0
2,640.05,0.25,75,3009.649187,171.5851617,0,0
2,645.05,0.25,75,3016.831445,170.429298,0,0
2,650.05,0.25,75,3023.545859,169.3434575,0,0
2,655.05,0.25,75,3029.82194,168.323573,0,0
2,660.05,0.25,75,3035.687484,167.3657952,0,0
2,665.05,0.25,75,3041.168651,166.4664839,0,0
2,670.05,0.25,75,3046.290038,165.622197,0,0
2,675.05,0.25,75,3051.074747,164.8296852,0,0
2,680.05,0.25,75,3055.544485,164.085877,0,0
2,685.05,0.25,75,3059.719626,163.3878737,0,0
2,690.05,0.25,75,3063.619284,162.7329394,0,0
2,695.05,0.25,75,3067.261379,162.1184934,0,0
2,700.05,0.25,75,3070.662708,161.5421025,0,0
2,705.05,0.25,75,3073.839008,161.0014725,0,0
2,710.0666667,0.25,75,3076.81457,160.4928055,0,0
2,715.05,0.25,75,3079.57454,160.0189734,0,0
2,720.05,0.25,20,3082.160487,159.5731495,0,0
2,725.05,0.25,20,3084.431127,159.1553133,0,0
2,730.05,0.25,20,3086.301302,158.7644138,0,0
2,735.05,0.25,20,3087.85754,158.3993882,0,0
2,740.05,0.25,20,3089.181631,158.0590009,0,0
2,745.05,0.25,20,3090.33987,157.7418905,0,0
2,750.0833333,0.25,20,3091.38612,157.4447354,0,0
2,755.05,0.25,20,3092.331357,157.1718044,0,0
2,760.3333333,0.25,20,3093.262803,156.9020645,0,0
2,765.15,0.25,20,3094.05683,156.673359,0,0
2,770.05,0.25,20,3094.817598,156.4563547,0,0
2,775.05,0.25,20,3095.549742,156.2500713,0,0
2,780.05,0.25,20,3096.240743,156.0580136,0,0
2,785.05,0.25,20,3096.89329,155.8791735,0,0
2,790.05,0.25,20,3097.509616,155.7126159,0,0
2,795.05,0.25,20,3098.091682,155.5574729,0,0
2,800.05,0.25,20,3098.641275,155.41294,0,0
2,805.05,0.25,20,3099.160066,155.2782713,0,0
2,810.05,0.25,20,3099.649631,155.1527747,0,0
2,815.05,0.25,20,3100.111476,155.0358087,0,0
2,820.05,0.25,20,3100.547034,154.9267777,0,0
2,825.05,0.25,20,3100.957682,154.8251292,0,0
2,830.05,0.25,20,3101.344731,154.7303506,0,0
2,835.05,0.25,20,3101.709439,154.6419659,0,0
2,840.05,0.25,20,3102.053003,154.5595342,0,0
2,845.05,0.25,20,3102.376567,154.4826447,0,0
2,850.05,0.25,20,3102.681226,154.4109162,0,0
2,855.05,0.25,20,3102.968017,154.3439944,0,0
2,860.05,0.25,20,3103.237933,154.2815497,0,0
2,865.05,0.25,20,3103.491914,154.2232767,0,0
2,870.05,0.25,20,3103.730852,154.1688908,0,0
2,875.05,0.25,20,3103.955599,154.1181273,0,0
2,880.05,0.25,20,3104.16696,154.0707402,0,0
2,885.05,0.25,20,3104.365698,154.0265003,0,0
2,890.05,0.25,20,3104.552538,153.9851949,0,0
2,895.05,0.25,20,3104.728165,153.9466257,0,0
2,900.05,0.25,20,3104.893228,153.9106081,0,0
3,0,0.8,20,0.0159684,1596.37,0,0
3,5.033333333,0.8,20,11.99158175,1597.331495,0,0
3,10.01666667,0.8,20,23.42612423,1594.756205,0,0
3,15.01666667,0.8,20,34.20003405,1589.466163,0,0
3,20.01666667,0.8,20,44.25961245,1582.064263,0,0
3,25.03333333,0.8,20,53.67027232,1573.008785,0,0
3,30.01666667,0.8,20,62.39102451,1562.799334,0,0
3,35.01666667,0.8,20,70.56494165,1551.666724,0,0
3,40.03333333,0.8,20,78.23755615,1539.867989,0,0
3,45.01666667,0.8,20,85.38270159,1527.735617,0,0
3,50.01666667,0.8,20,92.11839858,1515.319459,0,0
3,55.01666667,0.8,20,98.4600837,1502.794683,0,0
3,60.03333333,0.8,20,104.463483,1490.226776,0,0
3,65.01666667,0.8,20,110.1032608,1477.825187,0,0
3,70.01666667,0.8,20,115.4671628,1465.531086,0,0
3,75.01666667,0.8,20,120.5624392,1453.437413,0,0
3,80.01666667,0.8,20,125.4130499,1441.583394,0,0
3,85.01666667,0.8,20,130.0405319,1429.998453,0,0
3,90.01666667,0.8,20,134.4642309,1418.704039,0,0
3,95.03333333,0.8,20,138.7153475,1407.679012,0,0
3,100.0333333,0.8,20,142.7812664,1397.006345,0,0
3,105.0333333,0.8,20,146.6903941,1386.654305,0,0
3,110.0166667,0.8,20,150.4429458,1376.657748,0,0
3,115.0166667,0.8,20,154.0752337,1366.948997,0,0
3,120.0166667,0.8,20,157.5845526,1357.559,0,0
3,125.0333333,0.8,20,160.9910722,1348.453247,0,0
3,130.0166667,0.8,20,164.2694788,1339.714796,0,0
3,135.0166667,0.8,20,167.4604394,1331.247249,0,0
3,140.0333333,0.8,20,170.5695062,1323.04559,0,0
3,145.0166667,0.8,20,173.5719688,1315.181582,0,0
3,150.0333333,0.8,20,176.5132556,1307.541045,0,0
3,155.0166667,0.8,20,179.3589646,1300.216381,0,0
3,160.0166667,0.8,20,182.1422548,1293.123492,0,0
3,165.0333333,0.8,20,184.8662356,1286.255586,0,0
3,170.0166667,0.8,20,187.507524,1279.670655,0,0
3,175.0333333,0.8,20,190.1045739,1273.271435,0,0
3,180.0166667,0.3,60,192.6256713,1267.134045,0,0
3,185.0333333,0.3,60,195.7870844,1258.614696,0,0
3,190.0166667,0.3,60,199.6579286,1245.78653,0,0
3,195.0333333,0.3,60,203.9949342,1229.358925,0,0
3,200.0166667,0.3,60,208.6857567,1210.485677,0,0
3,205.0166667,0.3,60,213.7877292,1189.859737,0,0
3,210.0333333,0.3,60,219.3367462,1168.193664,0,0
3,215.0333333,0.3,60,225.3303633,1146.188649,0,0
3,220.0166667,0.3,60,231.7946946,1124.242144,0,0
3,225.0333333,0.3,60,238.8231135,1102.396624,0,0
3,230.0166667,0.3,60,246.343574,1081.101572,0,0
3,235.0166667,0.3,60,254.44686,1060.227537,0,0
3,240.0166667,0.3,60,263.1246939,1039.882452,0,0
3,245.0333333,0.3,60,272.4240501,1020.004079,0,0
3,250.0166667,0.3,60,282.2644912,1000.770356,0,0
3,255.0166667,0.3,60,292.7579664,981.9563745,0,0
3,260.0166667,0.3,60,303.8905406,963.5919135,0,0
3,265.0166667,0.3,60,315.6823797,945.6394026,0,0
3,270.0333333,0.3,60,328.1989827,928.0034811,0,0
3,275.0166667,0.3,60,341.3377162,910.8224803,0,0
3,280.0166667,0.3,60,355.2554775,893.8891652,0,0
3,285.0166667,0.3,60,369.9413289,877.231208,0,0
3,290.0333333,0.3,60,385.4833052,860.7669826,0,0
3,295.0333333,0.3,60,401.8164776,844.5815178,0,0
3,300.0166667,0.3,60,418.9736163,828.651288,0,0
3,305.0166667,0.3,60,437.113806,812.8511489,0,0
3,310.0166667,0.3,60,456.2284955,797.2186513,0,0
3,315.0333333,0.3,60,476.4365974,781.6888142,0,0
3,320.0166667,0.3,60,497.583803,766.4043234,0,0
3,325.0166667,0.3,60,519.9312304,751.2018796,0,0
3,330.0166667,0.3,60,543.4659455,736.1255744,0,0
3,335.0166667,0.3,60,568.2449065,721.1700213,0,0
3,340.0166667,0.3,60,594.3253836,706.3316028,0,0
3,345.0166667,0.3,60,621.7641504,691.6083787,0,0
3,350.0166667,0.3,60,650.616557,676.9999989,0,0
3,355.0166667,0.3,60,680.935447,662.5076249,0,0
3,360.0166667,0.3,60,712.7699392,648.1338513,0,0
3,365.0166667,0.3,60,746.1640837,633.8826254,0,0
3,370.0166667,0.3,60,781.1554051,619.7591627,0,0
3,375.0166667,0.3,60,817.7733587,605.7698583,0,0
3,380.0166667,0.3,60,856.037686,591.9221851,0,0
3,385.0166667,0.3,60,895.9568305,578.2245891,0,0
3,390.0166667,0.3,60,937.5263488,564.6863698,0,0
3,395.0166667,0.3,60,980.7274422,551.3175519,0,0
3,400.0166667,0.3,60,1025.525695,538.1287373,0,0
3,405.0166667,0.3,60,1071.870037,525.1309667,0,0
3,410.0166667,0.3,60,1119.692055,512.3355573,0,0
3,415.0333333,0.3,60,1169.071975,499.7123713,0,0
3,420.0166667,0.3,60,1219.407511,487.3974955,0,0
3,425.0166667,0.3,60,1271.077126,475.2773928,0,0
3,430.0166667,0.3,60,1323.778556,463.4044268,0,0
3,435.0166667,0.3,60,1377.36173,451.7888744,0,0
3,440.0166667,0.3,60,1431.664551,440.4403485,0,0
3,445.0166667,0.3,60,1486.51533,429.3676775,0,0
3,450.0166667,0.3,60,1541.735479,418.5787971,0,0
3,455.0166667,0.3,60,1597.142394,408.0806617,0,0
3,460.0166667,0.3,60,1652.552374,397.8791773,0,0
3,465.0166667,0.3,60,1707.783544,387.9791525,0,0
3,470.0166667,0.3,60,1762.658592,378.384273,0,0
3,475.0166667,0.3,60,1817.007296,369.0970927,0,0
3,480.0166667,0.3,60,1870.668734,360.1190454,0,0
3,485.0166667,0.3,60,1923.493122,351.4504719,0,0
3,490.0166667,0.3,60,1975.343313,343.0906607,0,0
3,495.0166667,0.3,60,2026.095847,335.0379022,0,0
3,500.0333333,0.3,60,2075.804668,327.264229,0,0
3,505.0333333,0.3,60,2124.044879,319.8177722,0,0
3,510.0166667,0.3,60,2170.750252,312.6912433,0,0
3,515.0166667,0.3,60,2216.168168,305.8319749,0,0
3,520.0333333,0.3,60,2260.232595,299.2372114,0,0
3,525.0166667,0.3,60,2302.473832,292.9650755,0,0
3,530.0166667,0.3,60,2343.297636,286.9445804,0,0
3,535.0333333,0.3,60,2382.673904,281.1713503,0,0
3,540.0166667,0.3,60,2420.214009,275.694224,0,0
3,545.0166667,0.3,60,2456.307732,270.449309,0,0
3,550.0333333,0.3,60,2490.952888,265.4312192,0,0
3,555.0166667,0.3,60,2523.832618,260.6807839,0,0
3,560.0166667,0.3,60,2555.311405,256.1410949,0,0
3,565.0166667,0.3,60,2585.308947,251.820303,0,0
3,570.0166667,0.3,60,2613.861866,247.7102888,0,0
3,575.0166667,0.3,60,2641.010382,243.8029731,0,0
3,580.0166667,0.3,60,2666.797571,240.0903526,0,0
3,585.0166667,0.3,60,2691.268693,236.5645281,0,0
3,590.0333333,0.3,60,2714.545864,233.2068651,0,0
3,595.0166667,0.3,60,2736.451175,230.0423408,0,0
3,600.0166667,0.3,60,2757.258924,227.0309107,0,0
3,605.0166667,0.3,60,2776.942507,224.1761755,0,0
3,610.0166667,0.3,60,2795.550424,221.4710668,0,0
3,615.0333333,0.3,60,2813.187641,218.9004122,0,0
3,620.0333333,0.3,60,2829.784403,216.4746262,0,0
3,625.0166667,0.3,60,2845.396675,214.1859475,0,0
3,630.0166667,0.3,60,2860.174054,212.0128741,0,0
3,635.0333333,0.3,60,2874.151916,209.9506262,0,0
3,640.0166667,0.3,60,2887.237725,208.0134285,0,0
3,645.0166667,0.3,60,2899.608014,206.1757537,0,0
3,650.0333333,0.3,60,2911.295185,204.4333178,0,0
3,655.0166667,0.3,60,2922.224511,202.7978994,0,0
3,660.0166667,0.3,60,2932.545759,201.2477306,0,0
3,665.0166667,0.3,60,2942.256459,199.783761,0,0
3,670.0166667,0.3,60,2951.390271,198.4015186,0,0
3,675.0166667,0.3,60,2959.979328,197.0967312,0,0
3,680.0166667,0.3,60,2968.054261,195.8653214,0,0
3,685.0166667,0.3,60,2975.644232,194.7034002,0,0
3,690.0166667,0.3,60,2982.776967,193.6072609,0,0
3,695.0333333,0.3,60,2989.500441,192.5700282,0,0
3,700.0333333,0.3,60,2995.795029,191.5952256,0,0
3,705.0166667,0.3,60,3001.688347,190.6790848,0,0
3,710.0166667,0.3,60,3007.242179,189.8124483,0,0
3,715.0166667,0.3,60,3012.457396,188.9955869,0,0
3,720.0333333,0.3,20,3017.369872,188.2232693,0,0
3,725.0166667,0.3,20,3021.722864,187.5006417,0,0
3,730.0166667,0.3,20,3025.441626,186.8189472,0,0
3,735.0166667,0.3,20,3028.662326,186.179251,0,0
3,740.0333333,0.3,20,3031.525004,185.5778014,0,0
3,745.0166667,0.3,20,3034.100872,185.0183206,0,0
3,750.0333333,0.3,20,3036.49098,184.4911136,0,0
3,755.0166667,0.3,20,3038.705399,184.0009834,0,0
3,760.15,0.3,20,3040.84718,183.5288308,0,0
3,765.1333333,0.3,20,3042.807751,183.1001622,0,0
3,770.0333333,0.3,20,3044.632092,182.7052983,0,0
3,775.0166667,0.3,20,3046.3898,182.3290325,0,0
3,780.0333333,0.3,20,3048.065776,181.9743391,0,0
3,785.0166667,0.3,20,3049.642748,181.6443533,0,0
3,790.0166667,0.3,20,3051.141417,181.3341773,0,0
3,795.0333333,0.3,20,3052.565048,181.0426384,0,0
3,800.0166667,0.3,20,3053.903677,180.7712681,0,0
3,805.0166667,0.3,20,3055.174763,180.5160615,0,0
3,810.0166667,0.3,20,3056.377204,180.276845,0,0
3,815.0333333,0.3,20,3057.518049,180.0518599,0,0
3,820.0166667,0.3,20,3058.589475,179.8423116,0,0
3,825.0333333,0.3,20,3059.608933,179.6444937,0,0
3,830.0333333,0.3,20,3060.568953,179.4596029,0,0
3,835.0333333,0.3,20,3061.475877,179.286178,0,0
3,840.0333333,0.3,20,3062.332443,179.1234885,0,0
3,845.0166667,0.3,20,3063.13865,178.971345,0,0
3,850.0333333,0.3,20,3063.904861,178.8276324,0,0
3,855.0166667,0.3,20,3064.623273,178.6936679,0,0
3,860.0166667,0.3,20,3065.303586,178.5675081,0,0
3,865.0166667,0.3,20,3065.9455,178.4490956,0,0
3,870.0333333,0.3,20,3066.553044,178.3375855,0,0
3,875.0333333,0.3,20,3067.124156,178.2332629,0,0
3,880.0166667,0.3,20,3067.661042,178.1356371,0,0
3,885.0166667,0.3,20,3068.169064,178.0436589,0,0
3,890.0333333,0.3,20,3068.649613,177.9570138,0,0
3,895.0166667,0.3,20,3069.099644,177.8761902,0,0
3,900.0333333,0.3,20,3069.526704,177.799779,0,0
3,905.0333333,0.3,20,3069.92785,177.7282608,0,0
3,910.0166667,0.3,20,3070.304688,177.6613045,0,0
3,915.0166667,0.3,20,3070.661028,177.5981951,0,0
3,920.0333333,0.3,20,3070.997885,177.538721,0,0
3,925.0333333,0.3,20,3071.314181,177.4830418,0,0
3,930.0166667,0.3,20,3071.611204,177.4309021,0,0
3,935.0333333,0.3,20,3071.892884,177.3815884,0,0
3,940.0166667,0.3,20,3072.156456,177.3355628,0,0
3,945.0166667,0.3,20,3072.40557,177.2921679,0,0
3,950.0333333,0.3,20,3072.640954,177.2512602,0,0
3,955.0333333,0.3,20,3072.861876,177.2129515,0,0
3,960.0333333,0.3,20,3073.069925,177.1769514,0,0
3,965.0166667,0.3,20,3073.265206,177.1432288,0,0
3,970.0166667,0.3,20,3073.44972,177.111427,0,0
3,975.0333333,0.3,20,3073.624015,177.081442,0,0
3,980.0333333,0.3,20,3073.787556,177.0533567,0,0
3,985.0166667,0.3,20,3073.941029,177.0270446,0,0
3,990.0333333,0.3,20,3074.086481,177.0021476,0,0
3,995.0166667,0.3,20,3074.2225,176.978901,0,0
3,1000.033333,0.3,20,3074.3514,176.9569034,0,0
3,1005.016667,0.3,20,3074.47193,176.9363627,0,0
3,1010.033333,0.3,20,3074.586144,176.9169246,0,0
3,1015.016667,0.3,20,3074.692934,176.898773,0,0
3,1020.016667,0.3,20,3074.793794,176.8816501,0,0
3,1025.016667,0.3,20,3074.888724,176.8655528,0,0
3,1030.033333,0.3,20,3074.978359,176.8503704,0,0
3,1035.016667,0.3,20,3075.062157,176.8361916,0,0
3,1040.033333,0.3,20,3075.141548,176.8227721,0,0
3,1045.033333,0.3,20,3075.216008,176.8101984,0,0
3,1050.016667,0.3,20,3075.285853,176.7984148,0,0
3,1055.016667,0.3,20,3075.351808,176.7872973,0,0
3,1060.033333,0.3,20,3075.414075,176.7768105,0,0
3,1065.033333,0.3,20,3075.472468,176.766984,0,0
3,1070.016667,0.3,20,3075.527239,176.7577743,0,0
3,1075.033333,0.3,20,3075.579121,176.7490566,0,0
3,1080.016667,0.3,20,3075.627616,176.7409138,0,0
4,0,0.5,1.00E-06,41.268,1267.79,0,0
4,5.033333333,0.5,1.00E-06,51.73044621,1285.027129,0,0
4,10.03333333,0.5,1.00E-06,60.67540096,1297.305078,0,0
4,15.03333333,0.5,1.00E-06,68.42396555,1305.440851,0,0
4,20.03333333,0.5,1.00E-06,75.16786159,1310.165135,0,0
4,25.03333333,0.5,1.00E-06,81.05850212,1312.177834,0,0
4,30.05,0.5,1.00E-06,86.23344029,1312.095396,0,0
4,35.05,0.5,1.00E-06,90.75753743,1310.438432,0,0
4,40.03333333,0.5,1.00E-06,94.71861768,1307.638698,0,0
4,45.03333333,0.5,1.00E-06,98.21171735,1304.005521,0,0
4,50.03333333,0.5,1.00E-06,101.2811076,1299.801649,0,0
4,55.05,0.5,1.00E-06,103.9853123,1295.207415,0,0
4,60.05,0.5,1.00E-06,106.349853,1290.403648,0,0
4,65.03333333,0.5,1.00E-06,108.4156592,1285.506333,0,0
4,70.03333333,0.5,1.00E-06,110.2296443,1280.569438,0,0
4,75.03333333,0.5,1.00E-06,111.8137346,1275.675165,0,0
4,80.03333333,0.5,1.00E-06,113.1939593,1270.873183,0,0
4,85.05,0.5,1.00E-06,114.397342,1266.185165,0,0
4,90.05,0.5,1.00E-06,115.4370342,1261.66937,0,0
4,95.03333333,0.5,1.00E-06,116.3339255,1257.343275,0,0
4,100.05,0.5,1.00E-06,117.1145916,1253.177151,0,0
4,105.05,0.5,1.00E-06,117.7881958,1249.220979,0,0
4,110.0333333,0.5,1.00E-06,118.3727859,1245.475885,0,0
4,115.0333333,0.5,1.00E-06,118.8886542,1241.916173,0,0
4,120.0333333,1.00E-06,50,119.3486725,1238.550957,0,0
4,125.3,1.00E-06,50,127.8250569,1229.716858,0,0
4,130.0333333,1.00E-06,50,136.781001,1212.022856,0,0
4,135.2166667,1.00E-06,50,147.160576,1181.939863,0,0
4,140.0333333,1.00E-06,50,157.4912586,1144.617223,0,0
4,145.05,1.00E-06,50,169.3506436,1097.534126,0,0
4,150.05,0.5,1.00E-06,182.8490869,1044.145367,0,0
4,155.05,0.5,1.00E-06,197.0442064,1009.312682,0,0
4,160.0333333,0.5,1.00E-06,209.5279839,993.6983487,0,0
4,165.05,0.5,1.00E-06,219.9135321,985.4027394,0,0
4,170.0333333,0.5,1.00E-06,228.0531773,980.7684607,0,0
4,175.0333333,0.5,1.00E-06,234.2040067,978.0745211,0,0
4,180.0333333,0.5,1.00E-06,238.559982,976.5172222,0,0
4,185.05,0.5,1.00E-06,241.3638971,975.6630227,0,0
4,190.0333333,0.5,1.00E-06,242.8200905,975.2889205,0,0
4,195.05,0.5,1.00E-06,243.1546664,975.2708098,0,0
4,200.05,0.5,1.00E-06,242.5422999,975.5529444,0,0
4,205.05,0.5,1.00E-06,241.1469586,976.1104398,0,0
4,210.0333333,0.5,1.00E-06,239.1166619,976.9331895,0,0
4,215.0333333,0.5,1.00E-06,236.5590107,978.0278173,0,0
4,220.05,0.5,1.00E-06,233.5741214,979.4007788,0,0
4,225.05,0.5,1.00E-06,230.2721875,981.0462517,0,0
4,230.0333333,0.5,1.00E-06,226.7333505,982.9626808,0,0
4,235.0333333,0.5,1.00E-06,222.9998293,985.161285,0,0
4,240.05,0.5,1.00E-06,219.1264221,987.6401615,0,0
4,245.0333333,0.5,1.00E-06,215.2001249,990.3656866,0,0
4,250.05,0.5,1.00E-06,211.2091988,993.3640084,0,0
4,255.05,0.5,1.00E-06,207.2275886,996.5938837,0,0
4,260.0333333,0.5,1.00E-06,203.2841104,1000.038402,0,0
4,265.0333333,0.5,1.00E-06,199.3767088,1003.704471,0,0
4,270.0333333,1.00E-06,50,195.5393193,1007.56348,0,0
4,275.0333333,1.00E-06,50,205.8875953,1005.855877,0,0
4,280.0333333,1.00E-06,50,219.1087519,992.6747125,0,0
4,285.0333333,1.00E-06,50,233.6208429,968.7168924,0,0
4,290.0333333,1.00E-06,50,249.7799141,935.438264,0,0
4,295.05,1.00E-06,50,268.4196893,894.6261069,0,0
4,300.0333333,0.5,1.00E-06,290.3354831,848.8423429,0,0
4,305.0333333,0.5,1.00E-06,313.9554616,818.6795799,0,0
4,310.0333333,0.5,1.00E-06,334.8825786,805.7213125,0,0
4,315.05,0.5,1.00E-06,352.0809532,799.7143627,0,0
4,320.0333333,0.5,1.00E-06,365.2714484,797.1483498,0,0
4,325.0333333,0.5,1.00E-06,374.8491353,796.3947955,0,0
4,330.05,0.5,1.00E-06,381.1634406,796.6824468,0,0
4,335.0333333,0.5,1.00E-06,384.5876585,797.601825,0,0
4,340.0333333,0.5,1.00E-06,385.5805929,798.9553505,0,0
4,345.0333333,0.5,1.00E-06,384.5058845,800.644137,0,0
4,350.0333333,0.5,1.00E-06,381.7042921,802.6299186,0,0
4,355.05,0.5,1.00E-06,377.46046,804.9135225,0,0
4,360.0333333,0.5,1.00E-06,372.085798,807.4786972,0,0
4,365.05,0.5,1.00E-06,365.7376459,810.3738619,0,0
4,370.0333333,0.5,1.00E-06,358.6968157,813.5753021,0,0
4,375.0333333,0.5,1.00E-06,351.0661503,817.126172,0,0
4,380.0333333,0.5,1.00E-06,343.0142651,821.0253588,0,0
4,385.0333333,0.5,1.00E-06,334.6664592,825.2776064,0,0
4,390.0333333,0.5,1.00E-06,326.1297988,829.8832203,0,0
4,395.05,0.5,1.00E-06,317.4666019,834.8553201,0,0
4,400.05,0.5,1.00E-06,308.8119661,840.1529087,0,0
4,405.05,0.5,1.00E-06,300.2024918,845.7804243,0,0
4,410.05,0.5,1.00E-06,291.6930831,851.723235,0,0
4,415.0333333,0.5,1.00E-06,283.3574033,857.9427155,0,0
4,420.0333333,1.00E-06,50,275.1782973,864.4608339,0,0
4,425.0333333,1.00E-06,50,289.754014,865.0879443,0,0
4,430.0333333,1.00E-06,50,308.7019439,853.8868345,0,0
4,435.05,1.00E-06,50,329.7879228,832.0734808,0,0
4,440.0333333,1.00E-06,50,353.401652,801.8352317,0,0
4,445.05,1.00E-06,50,380.9973389,764.9540413,0,0
4,450.0333333,0.5,1.00E-06,413.551401,724.0600912,0,0
4,455.05,0.5,1.00E-06,448.8709982,696.4991017,0,0
4,460.0333333,0.5,1.00E-06,480.360643,684.3203573,0,0
4,465.05,0.5,1.00E-06,506.7328904,678.4950631,0,0
4,470.0333333,0.5,1.00E-06,527.3115085,675.8738698,0,0
4,475.05,0.5,1.00E-06,542.6156918,674.9332698,0,0
4,480.05,0.5,1.00E-06,552.9476663,674.9549063,0,0
4,485.05,0.5,1.00E-06,558.9294106,675.5612027,0,0
4,490.0333333,0.5,1.00E-06,561.1269563,676.5654364,0,0
4,495.05,0.5,1.00E-06,560.0822644,677.8989864,0,0
4,500.0333333,0.5,1.00E-06,556.2980974,679.5193961,0,0
4,505.0333333,0.5,1.00E-06,550.1899739,681.445884,0,0
4,510.0333333,0.5,1.00E-06,542.1567984,683.6921383,0,0
4,515.0333333,0.5,1.00E-06,532.5425493,686.2821702,0,0
4,520.0333333,0.5,1.00E-06,521.6489015,689.2403396,0,0
4,525.0333333,0.5,1.00E-06,509.7397204,692.5885447,0,0
4,530.0333333,0.5,1.00E-06,497.0453439,696.3447547,0,0
4,535.0333333,0.5,1.00E-06,483.7664894,700.5223488,0,0
4,540.0333333,0.5,1.00E-06,470.0777355,705.1299317,0,0
4,545.05,0.5,1.00E-06,456.0838174,710.188953,0,0
4,550.0333333,0.5,1.00E-06,442.056183,715.6462888,0,0
4,555.0333333,0.5,1.00E-06,427.9676835,721.5498609,0,0
4,560.05,0.5,1.00E-06,413.9160552,727.8954253,0,0
4,565.0333333,0.5,1.00E-06,400.1243692,734.6056987,0,0
4,570.0333333,1.00E-06,50,386.5253529,741.7308062,0,0
4,575.0333333,1.00E-06,50,408.1014359,742.9209675,0,0
4,580.0333333,1.00E-06,50,435.9700394,732.4795536,0,0
4,585.0333333,1.00E-06,50,466.8899415,712.2391731,0,0
4,590.0333333,1.00E-06,50,501.7400256,684.4318405,0,0
4,595.05,1.00E-06,50,542.0958558,651.1889125,0,0
4,600.0333333,0.5,1.00E-06,589.0244846,614.8971486,0,0
4,605.05,0.5,1.00E-06,639.55297,589.8263477,0,0
4,610.0333333,0.5,1.00E-06,685.2701967,578.0878667,0,0
4,615.0333333,0.5,1.00E-06,724.3631032,572.0860898,0,0
4,620.0333333,0.5,1.00E-06,756.0684176,568.9835015,0,0
4,625.0333333,0.5,1.00E-06,780.5364804,567.4221941,0,0
4,630.0333333,0.5,1.00E-06,798.2612563,566.7198825,0,0
4,635.0333333,0.5,1.00E-06,809.8793754,566.5300774,0,0
4,640.0333333,0.5,1.00E-06,816.0663673,566.6842229,0,0
4,645.0333333,0.5,1.00E-06,817.4832737,567.1108988,0,0
4,650.0333333,0.5,1.00E-06,814.7506118,567.7918506,0,0
4,655.05,0.5,1.00E-06,808.4109685,568.7407565,0,0
4,660.05,0.5,1.00E-06,799.0226049,569.9754352,0,0
4,665.0333333,0.5,1.00E-06,787.0759061,571.5225766,0,0
4,670.05,0.5,1.00E-06,772.8523626,573.4300141,0,0
4,675.0333333,0.5,1.00E-06,756.9078288,575.7011198,0,0
4,680.05,0.5,1.00E-06,739.3589376,578.392061,0,0
4,685.0333333,0.5,1.00E-06,720.7303874,581.4888118,0,0
4,690.0333333,0.5,1.00E-06,701.1018882,585.0380537,0,0
4,695.0333333,0.5,1.00E-06,680.7666716,589.0438602,0,0
4,700.05,0.5,1.00E-06,659.8621786,593.5317125,0,0
4,705.0333333,0.5,1.00E-06,638.7836262,598.4605731,0,0
4,710.05,0.5,1.00E-06,617.414692,603.8988811,0,0
4,715.0333333,0.5,1.00E-06,596.1859875,609.7734733,0,0
4,720.05,1.00E-06,50,574.9462074,616.1587482,0,0
4,725.0333333,1.00E-06,50,609.1174452,616.8639978,0,0
4,730.05,1.00E-06,50,652.2156262,606.7709764,0,0
4,735.0333333,1.00E-06,50,699.0868342,588.2526981,0,0
4,740.0333333,1.00E-06,50,751.1446037,563.5074264,0,0
4,745.0333333,1.00E-06,50,809.6058748,534.7102308,0,0
4,750.0333333,0.5,1.00E-06,875.5698847,503.6338712,0,0
4,755.0333333,0.5,1.00E-06,944.5508212,481.7961736,0,0
4,760.05,0.5,1.00E-06,1008.311155,470.9450542,0,0
4,765.0333333,0.5,1.00E-06,1063.674761,465.2051089,0,0
4,770.0333333,0.5,1.00E-06,1110.414672,462.0196023,0,0
4,775.0333333,0.5,1.00E-06,1148.323251,460.2023396,0,0
4,780.05,0.5,1.00E-06,1177.884097,459.1242978,0,0
4,785.0333333,0.5,1.00E-06,1199.438949,458.4682949,0,0
4,790.0333333,0.5,1.00E-06,1213.920044,458.0638978,0,0
4,795.05,0.5,1.00E-06,1221.953966,457.8422677,0,0
4,800.0333333,0.5,1.00E-06,1224.166198,457.7845105,0,0
4,805.0333333,0.5,1.00E-06,1221.244366,457.8967835,0,0
4,810.0333333,0.5,1.00E-06,1213.762998,458.2015019,0,0
4,815.0333333,0.5,1.00E-06,1202.26457,458.7271736,0,0
4,820.0333333,0.5,1.00E-06,1187.24397,459.5043198,0,0
4,825.0333333,0.5,1.00E-06,1169.151507,460.5629202,0,0
4,830.0333333,0.5,1.00E-06,1148.396773,461.9310514,0,0
4,835.05,0.5,1.00E-06,1125.272503,463.6405003,0,0
4,840.0333333,0.5,1.00E-06,1100.359847,465.695209,0,0
4,845.0333333,0.5,1.00E-06,1073.729582,468.1339043,0,0
4,850.0333333,0.5,1.00E-06,1045.748129,470.9675644,0,0
4,855.0333333,0.5,1.00E-06,1016.67939,474.2108836,0,0
4,860.05,0.5,1.00E-06,986.6670872,477.8890834,0,0
4,865.05,0.5,1.00E-06,956.1395334,481.9877233,0,0
4,870.05,1.00E-06,50,925.2134646,486.5259965,0,0
4,875.0333333,1.00E-06,50,977.9401482,486.1076338,0,0
4,880.0333333,1.00E-06,50,1040.54912,476.6817568,0,0
4,885.0333333,1.00E-06,50,1106.88762,460.5675475,0,0
4,890.0333333,1.00E-06,50,1177.42833,439.8978507,0,0
4,895.0333333,1.00E-06,50,1252.760747,416.4374092,0,0
4,900.0333333,0.25,20,1332.976913,391.5576849,0,0
4,905.0333333,0.25,20,1415.53899,370.4764802,0,0
4,910.0333333,0.25,20,1496.904717,354.9174595,0,0
4,915.05,0.25,20,1576.379032,342.4791765,0,0
4,920.0333333,0.25,20,1652.806412,332.0499028,0,0
4,925.05,0.25,20,1727.054258,322.7946252,0,0
4,930.05,0.25,20,1798.304361,314.4038326,0,0
4,935.0333333,0.25,20,1866.563911,306.6262787,0,0
4,940.0333333,0.25,20,1932.296645,299.2631545,0,0
4,945.05,0.25,20,1995.501407,292.2297894,0,0
4,950.05,0.25,20,2055.798199,285.5197232,0,0
4,955.0333333,0.25,20,2113.263084,279.0986412,0,0
4,960.0333333,0.25,20,2168.336355,272.905063,0,0
4,965.0333333,0.25,20,2220.882317,266.9498228,0,0
4,970.05,0.25,20,2271.128366,261.2073475,0,0
4,975.0333333,0.25,20,2318.653152,255.7290203,0,0
4,980.0333333,0.25,20,2364.015091,250.4549771,0,0
4,985.0333333,0.25,20,2407.122995,245.4003731,0,0
4,990.0333333,0.25,20,2448.050257,240.5615012,0,0
4,995.0333333,0.25,20,2486.871614,235.9342958,0,0
4,1000.033333,0.25,20,2523.662841,231.5142579,0,0
4,1005.033333,0.25,20,2558.500401,227.2964519,0,0
4,1010.05,0.25,20,2591.567927,223.2624614,0,0
4,1015.033333,0.25,20,2622.621762,219.4458472,0,0
4,1020.033333,0.25,20,2652.058802,215.801411,0,0
4,1025.033333,0.25,20,2679.847984,212.3360628,0,0
4,1030.033333,0.25,20,2706.064069,209.0434836,0,0
4,1035.033333,0.25,20,2730.780544,205.9172635,0,0
4,1040.033333,0.25,20,2754.069373,202.9509538,0,0
4,1045.033333,0.25,20,2776.00079,200.1381121,0,0
4,1050.05,0.25,20,2796.709831,197.4636946,0,0
4,1055.033333,0.25,20,2816.062566,194.947324,0,0
4,1060.033333,0.25,20,2834.323236,192.5568467,0,0
4,1065.033333,0.25,20,2851.486903,190.2948264,0,0
4,1070.033333,0.25,20,2867.613006,188.1553274,0,0
4,1075.033333,0.25,20,2882.758629,186.1325738,0,0
4,1080.033333,0.25,20,2896.978459,184.2209625,0,0
4,1085.033333,0.25,20,2910.32475,182.4150754,0,0
4,1090.033333,0.25,20,2922.847418,180.7096771,0,0
4,1095.05,0.25,20,2934.631933,179.0945112,0,0
4,1100.05,0.25,20,2945.645361,177.5754458,0,0
4,1105.05,0.25,20,2955.971116,176.1423006,0,0
5,0,0.5,1.00E-06,1.30748,1864.55,0,0
5,5.066666667,0.5,1.00E-06,11.36384067,1843.722052,0,0
5,10.06666667,0.5,1.00E-06,20.42320837,1821.387865,0,0
5,15.06666667,0.5,1.00E-06,28.70325115,1797.618762,0,0
5,20.06666667,0.5,1.00E-06,36.27507991,1772.765815,0,0
5,25.03333333,0.5,1.00E-06,43.15833162,1747.388602,0,0
5,30.06666667,0.5,1.00E-06,49.54282972,1721.351653,0,0
5,35.06666667,0.5,1.00E-06,55.34753918,1695.50787,0,0
5,40.06666667,0.5,1.00E-06,60.6630393,1669.964741,0,0
5,45.06666667,0.5,1.00E-06,65.53124302,1644.941061,0,0
5,50.06666667,0.5,1.00E-06,69.99010822,1620.60066,0,0
5,55.06666667,0.5,1.00E-06,74.07409565,1597.060936,0,0
5,60.06666667,0.5,1.00E-06,77.81456236,1574.401768,0,0
5,65.06666667,0.5,1.00E-06,81.24010142,1552.673547,0,0
5,70.03333333,0.5,1.00E-06,84.3568317,1532.039155,0,0
5,75.06666667,0.5,1.00E-06,87.24871232,1512.103086,0,0
5,80.06666667,0.5,1.00E-06,89.87770268,1493.26828,0,0
5,85.06666667,0.5,1.00E-06,92.28410227,1475.386822,0,0
5,90.06666667,0.5,1.00E-06,94.48676627,1458.438755,0,0
5,95.06666667,0.5,1.00E-06,96.50340719,1442.398742,0,0
5,100.0333333,0.5,1.00E-06,98.33913065,1427.335728,0,0
5,105.0666667,0.5,1.00E-06,100.0457265,1412.922835,0,0
5,110.0666667,0.5,1.00E-06,101.6039505,1399.42047,0,0
5,115.0666667,0.5,1.00E-06,103.0413355,1386.694584,0,0
5,120.0666667,0.5,1.00E-06,104.3726938,1374.70836,0,0
5,125.0666667,0.5,1.00E-06,105.6111663,1363.424534,0,0
5,130.0666667,0.5,1.00E-06,106.7677442,1352.805973,0,0
5,135.0666667,0.5,1.00E-06,107.8512782,1342.816205,0,0
5,140.0666667,0.5,1.00E-06,108.8688381,1333.419826,0,0
5,145.0666667,0.5,1.00E-06,109.8261554,1324.582787,0,0
5,150.0333333,0.5,1.00E-06,110.7221679,1316.326272,0,0
5,155.0333333,0.5,1.00E-06,111.5729727,1308.508652,0,0
5,160.0666667,0.5,1.00E-06,112.3811659,1301.110174,0,0
5,165.0666667,0.5,1.00E-06,113.1392624,1294.200868,0,0
5,170.0666667,0.5,1.00E-06,113.8556612,1287.703946,0,0
5,175.0666667,0.5,1.00E-06,114.5329967,1281.594617,0,0
5,180.0333333,1.00E-06,50,115.169529,1275.886656,0,0
5,185.0333333,1.00E-06,50,122.6796995,1265.637748,0,0
5,190.0666667,1.00E-06,50,131.5957187,1245.242384,0,0
5,195.0666667,1.00E-06,50,140.981601,1214.767564,0,0
5,200.0666667,1.00E-06,50,151.0253719,1174.709959,0,0
5,205.0333333,1.00E-06,50,162.0134324,1126.727687,0,0
5,210.0666667,0.5,1.00E-06,174.7003858,1071.610319,0,0
5,215.0666667,0.5,1.00E-06,187.9465414,1035.743785,0,0
5,220.0666667,0.5,1.00E-06,199.6503532,1019.285463,0,0
5,225.2333333,0.5,1.00E-06,209.6439352,1010.076947,0,0
5,230.3333333,0.5,1.00E-06,217.4103207,1004.7692,0,0
5,235.0666667,0.5,1.00E-06,222.8941957,1001.67731,0,0
5,240.0333333,0.5,1.00E-06,227.0586493,999.5545883,0,0
5,245.0666667,0.5,1.00E-06,229.8303246,998.1467058,0,0
5,250.0333333,0.5,1.00E-06,231.3393511,997.2583818,0,0
5,255.0666667,0.5,1.00E-06,231.8158463,996.7408845,0,0
5,260.0666667,0.5,1.00E-06,231.4082422,996.5460769,0,0
5,265.0333333,0.5,1.00E-06,230.2803666,996.6398096,0,0
5,270.0666667,0.5,1.00E-06,228.5319388,997.0167485,0,0
5,275.0333333,0.5,1.00E-06,226.3200929,997.6654187,0,0
5,280.0666667,0.5,1.00E-06,223.6829024,998.6048179,0,0
5,285.0666667,0.5,1.00E-06,220.7522685,999.8206063,0,0
5,290.0666667,0.5,1.00E-06,217.5833398,1001.317852,0,0
5,295.0666667,0.5,1.00E-06,214.2372797,1003.093817,0,0
5,300.0666667,0.5,1.00E-06,210.7663388,1005.142989,0,0
5,305.0666667,0.5,1.00E-06,207.2150263,1007.457144,0,0
5,310.0666667,0.5,1.00E-06,203.6211455,1010.025578,0,0
5,315.0666667,0.5,1.00E-06,200.0167086,1012.835429,0,0
5,320.0666667,0.5,1.00E-06,196.4287776,1015.872025,0,0
5,325.0666667,0.5,1.00E-06,192.8802468,1019.11922,0,0
5,330.0666667,0.5,1.00E-06,189.3906103,1022.559705,0,0
5,335.0666667,0.5,1.00E-06,185.9767433,1026.175251,0,0
5,340.0333333,0.5,1.00E-06,182.6755302,1029.921264,0,0
5,345.0666667,0.5,1.00E-06,179.4355578,1033.854972,0,0
5,350.0666667,0.5,1.00E-06,176.3359,1037.87925,0,0
5,355.0666667,0.5,1.00E-06,173.3678363,1041.998795,0,0
5,360.0333333,0.5,1.00E-06,170.5612585,1046.163963,0,0
5,365.0666667,0.5,1.00E-06,167.8694296,1050.437442,0,0
5,370.0666667,0.5,1.00E-06,165.3510036,1054.713273,0,0
5,375.0666667,0.5,1.00E-06,162.9865596,1058.999006,0,0
5,380.0333333,0.5,1.00E-06,160.7856158,1063.247059,0,0
5,385.0666667,0.5,1.00E-06,158.6982403,1067.525426,0,0
5,390.0666667,1.00E-06,50,156.7591152,1071.733429,0,0
5,395.0666667,1.00E-06,50,167.048768,1070.365557,0,0
5,400.0333333,1.00E-06,50,179.4614277,1057.652222,0,0
5,405.0666667,1.00E-06,50,192.923174,1033.607765,0,0
5,410.0666667,1.00E-06,50,207.4604765,999.8173244,0,0
5,415.0666667,1.00E-06,50,223.8001363,957.9688281,0,0
5,420.0666667,0.5,1.00E-06,242.79275,910.1872717,0,0
5,425.0666667,0.5,1.00E-06,262.9761791,879.1407115,0,0
5,430.0666667,0.5,1.00E-06,280.7613976,866.0213969,0,0
5,435.0666667,0.5,1.00E-06,295.3121914,859.9689775,0,0
5,440.0666667,0.5,1.00E-06,306.5753727,857.3437709,0,0
5,445.0666667,0.5,1.00E-06,314.7870716,856.5371408,0,0
5,450.0666667,0.5,1.00E-06,320.2865303,856.7567522,0,0
5,455.0666667,0.5,1.00E-06,323.4348575,857.5963616,0,0
5,460.0666667,0.5,1.00E-06,324.578743,858.8489529,0,0
5,465.0666667,0.5,1.00E-06,324.0352697,860.4148478,0,0
5,470.0666667,0.5,1.00E-06,322.0869612,862.2527872,0,0
5,475.0333333,0.5,1.00E-06,319.0058013,864.337692,0,0
5,480.0666667,0.5,1.00E-06,314.9352604,866.7192858,0,0
5,485.0666667,0.5,1.00E-06,310.1338144,869.3642531,0,0
5,490.0666667,0.5,1.00E-06,304.7378483,872.2997231,0,0
5,495.0666667,0.5,1.00E-06,298.8850338,875.5360128,0,0
5,500.0333333,0.5,1.00E-06,292.735359,879.0553654,0,0
5,505.0666667,0.5,1.00E-06,286.2628544,882.9345988,0,0
5,510.0666667,0.5,1.00E-06,279.6795794,887.0984529,0,0
5,515.0666667,0.5,1.00E-06,273.0158943,891.5663163,0,0
5,520.0666667,0.5,1.00E-06,266.3330609,896.3293002,0,0
5,525.0666667,0.5,1.00E-06,259.6825889,901.3753116,0,0
5,530.0666667,0.5,1.00E-06,253.1076352,906.6894946,0,0
5,535.0666667,0.5,1.00E-06,246.6442949,912.2546554,0,0
5,540.0666667,0.5,1.00E-06,240.3228115,918.0516433,0,0
5,545.0666667,0.5,1.00E-06,234.1687912,924.0596701,0,0
5,550.0666667,0.5,1.00E-06,228.2044452,930.2565471,0,0
5,555.0666667,0.5,1.00E-06,222.4497455,936.6188242,0,0
5,560.0666667,0.5,1.00E-06,216.9232349,943.121847,0,0
5,565.0333333,0.5,1.00E-06,211.6763131,949.6953484,0,0
5,570.0666667,0.5,1.00E-06,206.6200107,956.4458059,0,0
5,575.0666667,0.5,1.00E-06,201.8663657,963.2124381,0,0
5,580.0666667,0.5,1.00E-06,197.3831717,970.0123079,0,0
5,585.0666667,0.5,1.00E-06,193.1659457,976.8189398,0,0
5,590.0666667,0.5,1.00E-06,189.2051918,983.6074569,0,0
5,595.0333333,0.5,1.00E-06,185.5124212,990.3102508,0,0
5,600.0333333,1.00E-06,50,182.024309,996.9968878,0,0
5,605.0666667,1.00E-06,50,194.0500501,997.7718867,0,0
5,610.0666667,1.00E-06,50,208.6894346,986.6070131,0,0
5,615.0666667,1.00E-06,50,224.4226917,964.2296148,0,0
5,620.0666667,1.00E-06,50,241.6407062,932.1276596,0,0
5,625.0666667,1.00E-06,50,261.1429419,892.2965636,0,0
5,630.0666667,0.5,1.00E-06,283.9535702,846.9378756,0,0
5,635.0666667,0.5,1.00E-06,308.2972285,817.340987,0,0
5,640.0666667,0.5,1.00E-06,329.8165429,804.9112587,0,0
5,645.0666667,0.5,1.00E-06,347.4418343,799.353857,0,0
5,650.0666667,0.5,1.00E-06,361.0698265,797.1324798,0,0
5,655.0666667,0.5,1.00E-06,370.9651519,796.6738965,0,0
5,660.0666667,0.5,1.00E-06,377.5286445,797.2046445,0,0
5,665.0666667,0.5,1.00E-06,381.1943981,798.3316662,0,0
5,670.0666667,0.5,1.00E-06,382.3829444,799.8583945,0,0
5,675.0666667,0.5,1.00E-06,381.4811232,801.6938774,0,0
5,680.0333333,0.5,1.00E-06,378.8577848,803.7893573,0,0
5,685.0666667,0.5,1.00E-06,374.7495601,806.1859766,0,0
5,690.0333333,0.5,1.00E-06,369.5288737,808.8308852,0,0
5,695.0333333,0.5,1.00E-06,363.3322055,811.7907166,0,0
5,700.0333333,0.5,1.00E-06,356.3901139,815.065313,0,0
5,705.0666667,0.5,1.00E-06,348.8223382,818.6940068,0,0
5,710.0666667,0.5,1.00E-06,340.87703,822.6390534,0,0
5,715.0666667,0.5,1.00E-06,332.6316879,826.9291131,0,0
5,720.0333333,0.5,1.00E-06,324.2504609,831.5332719,0,0
5,725.0666667,0.5,1.00E-06,315.6547483,836.544401,0,0
5,730.0666667,0.5,1.00E-06,307.0921071,841.8590119,0,0
5,735.0333333,0.5,1.00E-06,298.6278051,847.4595302,0,0
5,740.0666667,0.5,1.00E-06,290.1472126,853.4476908,0,0
5,745.0666667,0.5,1.00E-06,281.8660768,859.69062,0,0
5,750.0666667,0.5,1.00E-06,273.7665807,866.2076156,0,0
5,755.0333333,0.5,1.00E-06,265.9333041,872.9313568,0,0
5,760.0666667,0.5,1.00E-06,258.2391957,879.976371,0,0
5,765.0666667,0.5,1.00E-06,250.8648959,887.180004,0,0
5,770.0666667,0.5,1.00E-06,243.7817436,894.5616514,0,0
5,775.0666667,0.5,1.00E-06,237.0106388,902.0932119,0,0
5,780.0666667,0.5,1.00E-06,230.5685425,909.745181,0,0
5,785.0666667,0.5,1.00E-06,224.4658677,917.487112,0,0
5,790.0666667,0.5,1.00E-06,218.7046525,925.2883933,0,0
5,795.0666667,0.5,1.00E-06,213.2788829,933.1191686,0,0
5,800.0666667,0.5,1.00E-06,208.1765449,940.9511303,0,0
5,805.0666667,0.5,1.00E-06,203.382084,948.7580629,0,0
5,810.0666667,1.00E-06,50,198.878385,956.5161095,0,0
5,815.0666667,1.00E-06,50,211.9462938,958.2590556,0,0
5,820.0666667,1.00E-06,50,228.0336981,947.9161931,0,0
5,825.0666667,1.00E-06,50,245.3618891,926.3378862,0,0
5,830.0666667,1.00E-06,50,264.3860985,895.156199,0,0
5,835.0333333,1.00E-06,50,285.8487443,856.7332067,0,0
5,840.0666667,0.5,1.00E-06,311.3413746,812.464144,0,0
5,845.0333333,0.5,1.00E-06,338.2525798,783.7425003,0,0
5,850.0666667,0.5,1.00E-06,362.4309384,771.4596742,0,0
5,855.0666667,0.5,1.00E-06,382.139522,766.03881,0,0
5,860.0666667,0.5,1.00E-06,397.4087534,763.897151,0,0
5,865.0666667,0.5,1.00E-06,408.5139024,763.4863753,0,0
5,870.0666667,0.5,1.00E-06,415.8887865,764.0454091,0,0
5,875.0666667,0.5,1.00E-06,420.0092912,765.1891107,0,0
5,880.0666667,0.5,1.00E-06,421.3396831,766.7267712,0,0
5,885.0666667,0.5,1.00E-06,420.3090713,768.5721397,0,0
5,890.0666667,0.5,1.00E-06,417.3028175,770.6953765,0,0
5,895.0666667,0.5,1.00E-06,412.6613315,773.0961795,0,0
5,900.0666667,0.5,1.00E-06,406.6823546,775.7883684,0,0
5,905.0333333,0.5,1.00E-06,399.6748222,778.7698889,0,0
5,910.0666667,0.5,1.00E-06,391.7124848,782.1231677,0,0
5,915.0666667,0.5,1.00E-06,383.1391159,785.8014263,0,0
5,920.0666667,0.5,1.00E-06,374.0711709,789.8381417,0,0
5,925.0666667,0.5,1.00E-06,364.6517236,794.2410108,0,0
5,930.0333333,0.5,1.00E-06,355.0681744,798.9799051,0,0
5,935.0333333,0.5,1.00E-06,345.2960137,804.1167533,0,0
5,940.0666667,0.5,1.00E-06,335.4227384,809.6528799,0,0
5,945.0666667,0.5,1.00E-06,325.6550228,815.5050747,0,0
5,950.0666667,0.5,1.00E-06,315.9911938,821.6955304,0,0
5,955.0666667,0.5,1.00E-06,306.4848843,828.2079551,0,0
5,960.0666667,0.5,1.00E-06,297.1812945,835.0234163,0,0
5,965.0666667,0.5,1.00E-06,288.1188119,842.1206553,0,0
5,970.0666667,0.5,1.00E-06,279.330644,849.476319,0,0
5,975.0666667,0.5,1.00E-06,270.846358,857.0650956,0,0
5,980.0666667,0.5,1.00E-06,262.692901,864.8597624,0,0
5,985.0666667,0.5,1.00E-06,254.8944529,872.8312217,0,0
5,990.0666667,0.5,1.00E-06,247.4705096,880.9486849,0,0
5,995.0666667,0.5,1.00E-06,240.4329838,889.1801608,0,0
5,1000.066667,0.5,1.00E-06,233.7842325,897.4932838,0,0
5,1005.066667,0.5,1.00E-06,227.5175024,905.8562948,0,0
5,1010.066667,0.5,1.00E-06,221.619294,914.2388983,0,0
5,1015.066667,0.5,1.00E-06,216.0721418,922.6128468,0,0
5,1020.066667,1.00E-06,50,210.8568431,930.9522457,0,0
5,1025.066667,1.00E-06,50,224.7581756,933.1987489,0,0
5,1030.066667,1.00E-06,50,241.9041416,923.2578505,0,0
5,1035.066667,1.00E-06,50,260.3957372,902.0946874,0,0
5,1040.066667,1.00E-06,50,280.7369608,871.4348465,0,0
5,1045.066667,1.00E-06,50,303.8935763,833.4159162,0,0
5,1050.066667,0.25,20,331.0594835,790.279155,0,0
5,1055.066667,0.25,20,361.6228374,754.433611,0,0
5,1060.033333,0.25,20,393.0002451,729.5351687,0,0
5,1065.066667,0.25,20,425.2700972,709.6108902,0,0
5,1070.066667,0.25,20,457.7164116,692.6311588,0,0
5,1075.066667,0.25,20,490.6364505,677.1790925,0,0
5,1080.066667,0.25,20,524.161435,662.5567363,0,0
5,1085.066667,0.25,20,558.4315036,648.3721599,0,0
5,1090.033333,0.25,20,593.3481324,634.4997361,0,0
5,1095.066667,0.25,20,629.7591357,620.5449172,0,0
5,1100.066667,0.25,20,667.0806402,606.7296323,0,0
5,1105.066667,0.25,20,705.6704191,592.941017,0,0
5,1110.066667,0.25,20,745.6370657,579.1798987,0,0
5,1115.066667,0.25,20,787.0746408,565.4590695,0,0
5,1120.066667,0.25,20,830.0598666,551.7977803,0,0
5,1125.066667,0.25,20,874.6495528,538.218428,0,0
5,1130.066667,0.25,20,920.8783332,524.7445891,0,0
5,1135.066667,0.25,20,968.7567665,511.3998761,0,0
5,1140.066667,0.25,20,1018.269879,498.2072872,0,0
5,1145.066667,0.25,20,1069.376209,485.1888464,0,0
5,1150.066667,0.25,20,1122.007454,472.3653962,0,0
5,1155.066667,0.25,20,1176.068773,459.7564873,0,0
5,1160.066667,0.25,20,1231.439805,447.3803027,0,0
5,1165.066667,0.25,20,1287.976399,435.2536023,0,0
5,1170.066667,0.25,20,1345.513069,423.3916742,0,0
5,1175.066667,0.25,20,1403.866044,411.8082938,0,0
5,1180.066667,0.25,20,1462.836909,400.5156839,0,0
5,1185.066667,0.25,20,1522.216597,389.5244854,0,0
5,1190.066667,0.25,20,1581.78963,378.8437393,0,0
5,1195.066667,0.25,20,1641.338381,368.4808828,0,0
5,1200.066667,0.25,20,1700.647257,358.4417599,0,0
5,1205.066667,0.25,20,1759.506581,348.7306505,0,0
5,1210.066667,0.25,20,1817.716074,339.3503149,0,0
5,1215.066667,0.25,20,1875.087829,330.3020555,0,0
5,1220.033333,0.25,20,1931.076677,321.642803,0,0
5,1225.066667,0.25,20,1986.642213,313.2001454,0,0
5,1230.066667,0.25,20,2040.529623,305.1425395,0,0
5,1235.066667,0.25,20,2092.990746,297.4092987,0,0
5,1240.066667,0.25,20,2143.924052,289.9957577,0,0
5,1245.066667,0.25,20,2193.246417,282.8963691,0,0
5,1250.066667,0.25,20,2240.892482,276.1048125,0,0
5,1255.066667,0.25,20,2286.81374,269.6140993,0,0
5,1260.066667,0.25,20,2330.977418,263.4166777,0,0
5,1265.066667,0.25,20,2373.365164,257.5045252,0,0
5,1270.066667,0.25,20,2413.971695,251.8692454,0,0
5,1275.066667,0.25,20,2452.803374,246.5021494,0,0
5,1280.066667,0.25,20,2489.87681,241.3943348,0,0
5,1285.066667,0.25,20,2525.217484,236.5367567,0,0
5,1290.066667,0.25,20,2558.858438,231.9202922,0,0
5,1295.066667,0.25,20,2590.839049,227.5357958,0,0
5,1300.066667,0.25,20,2621.20389,223.3741513,0,0
5,1305.066667,0.25,20,2650.001685,219.426316,0,0
5,1310.066667,0.25,20,2677.284374,215.6833588,0,0
5,1315.066667,0.25,20,2703.106272,212.1364931,0,0
5,1320.066667,0.25,20,2727.523323,208.7771049,0,0
5,1325.066667,0.25,20,2750.592458,205.5967753,0,0
5,1330.066667,0.25,20,2772.371026,202.5872998,0,0
5,1335.066667,0.25,20,2792.916314,199.7407038,0,0
5,1340.066667,0.25,20,2812.285142,197.0492535,0,0
5,1345.066667,0.25,20,2830.533517,194.5054658,0,0
5,1350.066667,0.25,20,2847.716355,192.1021131,0,0
6,0,0.5,1.00E-06,43.4961,1974.64,0,0
6,5.033333333,0.5,1.00E-06,49.89260288,1935.533027,0,0
6,10.05,0.5,1.00E-06,55.73155106,1896.885394,0,0
6,15.05,0.5,1.00E-06,61.06475967,1858.845499,0,0
6,20.05,0.5,1.00E-06,65.95442431,1821.519889,0,0
6,25.05,0.5,1.00E-06,70.4384561,1785.162505,0,0
6,30.05,0.5,1.00E-06,74.55108729,1749.999679,0,0
6,35.03333333,0.5,1.00E-06,78.31121119,1716.317511,0,0
6,40.05,0.5,1.00E-06,81.78295528,1683.905641,0,0
6,45.05,0.5,1.00E-06,84.95562305,1653.164388,0,0
6,50.05,0.5,1.00E-06,87.86439709,1624.011698,0,0
6,55.05,0.5,1.00E-06,90.53040092,1596.44396,0,0
6,60.05,0.5,1.00E-06,92.9729653,1570.434431,0,0
6,65.05,0.5,1.00E-06,95.20982502,1545.940264,0,0
6,70.05,0.5,1.00E-06,97.25729496,1522.907918,0,0
6,75.05,0.5,1.00E-06,99.13043187,1501.277173,0,0
6,80.05,0.5,1.00E-06,100.8431896,1480.984052,0,0
6,85.03333333,0.5,1.00E-06,102.4036007,1462.024264,0,0
6,90.06666667,0.5,1.00E-06,103.8434567,1444.090379,0,0
6,95.05,0.5,1.00E-06,105.1458926,1427.473637,0,0
6,100.05,0.5,1.00E-06,106.3410863,1411.876546,0,0
6,105.05,0.5,1.00E-06,107.4360585,1397.294413,0,0
6,110.05,0.5,1.00E-06,108.4425925,1383.666968,0,0
6,115.05,0.5,1.00E-06,109.3725174,1370.935853,0,0
6,120.05,0.5,1.00E-06,110.2370995,1359.044693,0,0
6,125.05,0.5,1.00E-06,111.0462316,1347.939256,0,0
6,130.05,0.5,1.00E-06,111.8078934,1337.567693,0,0
6,135.05,0.5,1.00E-06,112.5281283,1327.880782,0,0
6,140.05,0.5,1.00E-06,113.2113905,1318.832095,0,0
6,145.05,0.5,1.00E-06,113.860988,1310.378065,0,0
6,150.05,0.5,1.00E-06,114.4794571,1302.477962,0,0
6,155.05,0.5,1.00E-06,115.0688292,1295.093785,0,0
6,160.05,0.5,1.00E-06,115.6308024,1288.190146,0,0
6,165.05,0.5,1.00E-06,116.1668476,1281.734124,0,0
6,170.05,0.5,1.00E-06,116.6782755,1275.695106,0,0
6,175.05,0.5,1.00E-06,117.1662773,1270.044637,0,0
6,180.0333333,0.5,1.00E-06,117.6304345,1264.773329,0,0
6,185.0333333,1.00E-06,50,118.0748712,1259.821415,0,0
6,190.05,1.00E-06,50,125.7233255,1250.240163,0,0
6,195.05,1.00E-06,50,134.7478242,1230.582063,0,0
6,200.05,1.00E-06,50,144.3255938,1200.670541,0,0
6,205.0333333,1.00E-06,50,154.5585091,1161.292243,0,0
6,210.0333333,1.00E-06,50,165.8932208,1113.527184,0,0
6,215.05,0.5,1.00E-06,178.8820964,1059.150804,0,0
6,220.05,0.5,1.00E-06,192.5020428,1023.690527,0,0
6,225.05,0.5,1.00E-06,204.5291959,1007.542972,0,0
6,230.0333333,0.5,1.00E-06,214.4560668,998.8662366,0,0
6,235.05,0.5,1.00E-06,222.3613378,993.8009032,0,0
6,240.05,0.5,1.00E-06,228.3113321,990.7478611,0,0
6,245.05,0.5,1.00E-06,232.548293,988.8574625,0,0
6,250.05,0.5,1.00E-06,235.2956264,987.694175,0,0
6,255.05,0.5,1.00E-06,236.7670406,987.0255225,0,0
6,260.05,0.5,1.00E-06,237.1579927,986.7296129,0,0
6,265.05,0.5,1.00E-06,236.6429257,986.7459506,0,0
6,270.05,0.5,1.00E-06,235.3753034,987.0478113,0,0
6,275.05,0.5,1.00E-06,233.4889331,987.6262377,0,0
6,280.0333333,0.5,1.00E-06,231.1084887,988.4773431,0,0
6,285.0333333,0.5,1.00E-06,228.3179278,989.6091415,0,0
6,290.0333333,0.5,1.00E-06,225.2106506,991.0213792,0,0
6,295.05,0.5,1.00E-06,221.8491536,992.7204432,0,0
6,300.0333333,0.5,1.00E-06,218.3312729,994.6856458,0,0
6,305.05,0.5,1.00E-06,214.6642401,996.9380191,0,0
6,310.05,0.5,1.00E-06,210.9300533,999.4484271,0,0
6,315.05,0.5,1.00E-06,207.1557348,1002.213303,0,0
6,320.0333333,0.5,1.00E-06,203.3868798,1005.209411,0,0
6,325.05,0.5,1.00E-06,199.6136025,1008.453275,0,0
6,330.05,0.5,1.00E-06,195.8971986,1011.897451,0,0
6,335.05,0.5,1.00E-06,192.2450919,1015.53491,0,0
6,340.05,0.5,1.00E-06,188.6745577,1019.347258,0,0
6,345.05,0.5,1.00E-06,185.2009768,1023.315321,0,0
6,350.05,0.5,1.00E-06,181.8386562,1027.419241,0,0
6,355.05,0.5,1.00E-06,178.6014098,1031.638492,0,0
6,360.05,0.5,1.00E-06,175.5024929,1035.951872,0,0
6,365.05,0.5,1.00E-06,172.5535448,1040.337588,0,0
6,370.05,0.5,1.00E-06,169.7628307,1044.77356,0,0
6,375.0666667,0.5,1.00E-06,167.1253718,1049.252878,0,0
6,380.05,0.5,1.00E-06,164.6653392,1053.709913,0,0
6,385.05,0.5,1.00E-06,162.3521898,1058.169953,0,0
6,390.05,0.5,1.00E-06,160.1870234,1062.600492,0,0
6,395.05,1.00E-06,50,158.1613179,1066.985932,0,0
6,400.0333333,1.00E-06,50,168.5012643,1065.797708,0,0
6,405.0333333,1.00E-06,50,181.1150062,1053.126066,0,0
6,410.05,1.00E-06,50,194.6641005,1029.257775,0,0
6,415.05,1.00E-06,50,209.3489205,995.5856825,0,0
6,420.05,1.00E-06,50,225.8625215,953.8715474,0,0
6,425.05,0.5,1.00E-06,245.0656179,906.2460165,0,0
6,430.05,0.5,1.00E-06,265.478421,875.2959597,0,0
6,435.05,0.5,1.00E-06,283.4679436,862.2287276,0,0
6,440.05,0.5,1.00E-06,298.1850636,856.2171342,0,0
6,445.05,0.5,1.00E-06,309.5742091,853.6272451,0,0
6,450.05,0.5,1.00E-06,317.8735111,852.8523852,0,0
6,455.05,0.5,1.00E-06,323.425986,853.1013073,0,0
6,460.0333333,0.5,1.00E-06,326.5900605,853.9649086,0,0
6,465.0333333,0.5,1.00E-06,327.7369627,855.2429605,0,0
6,470.0333333,0.5,1.00E-06,327.1735528,856.8340598,0,0
6,475.05,0.5,1.00E-06,325.1773838,858.7039266,0,0
6,480.0333333,0.5,1.00E-06,322.0258769,860.8227391,0,0
6,485.0333333,0.5,1.00E-06,317.9114003,863.2158709,0,0
6,490.0333333,0.5,1.00E-06,313.0315743,865.8882654,0,0
6,495.05,0.5,1.00E-06,307.5299172,868.8628246,0,0
6,500.0333333,0.5,1.00E-06,301.60338,872.1189547,0,0
6,505.05,0.5,1.00E-06,295.2926483,875.7073399,0,0
6,510.05,0.5,1.00E-06,288.7610021,879.5967826,0,0
6,515.0333333,0.5,1.00E-06,282.0971666,883.7829988,0,0
6,520.05,0.5,1.00E-06,275.307299,888.3043636,0,0
6,525.0333333,0.5,1.00E-06,268.543489,893.0920161,0,0
6,530.05,0.5,1.00E-06,261.7677326,898.1979039,0,0
6,535.05,0.5,1.00E-06,255.0915752,903.5576993,0,0
6,540.05,0.5,1.00E-06,248.5290304,909.170692,0,0
6,545.05,0.5,1.00E-06,242.1107683,915.0176949,0,0
6,550.05,0.5,1.00E-06,235.8627513,921.0778595,0,0
6,555.05,0.5,1.00E-06,229.8074898,927.3289141,0,0
6,560.05,0.5,1.00E-06,223.9652112,933.7473033,0,0
6,565.05,0.5,1.00E-06,218.3546766,940.3082459,0,0
6,570.0333333,0.5,1.00E-06,213.0105446,946.9633463,0,0
6,575.05,0.5,1.00E-06,207.8947395,953.7528579,0,0
6,580.05,0.5,1.00E-06,203.068591,960.5818741,0,0
6,585.0333333,0.5,1.00E-06,198.5315117,967.4223421,0,0
6,590.05,0.5,1.00E-06,194.2347596,974.3162989,0,0
6,595.05,0.5,1.00E-06,190.2128537,981.1699558,0,0
6,600.05,0.5,1.00E-06,186.4384101,987.9832168,0,0
6,605.0333333,1.00E-06,50,182.9088403,994.7129985,0,0
6,610.05,1.00E-06,50,194.9470896,995.5630354,0,0
6,615.05,1.00E-06,50,209.6584176,984.4830536,0,0
6,620.0333333,1.00E-06,50,225.4164426,962.2762119,0,0
6,625.05,1.00E-06,50,242.7779978,930.1621951,0,0
6,630.05,1.00E-06,50,262.382521,890.4149835,0,0
6,635.0333333,0.5,1.00E-06,285.2307921,845.3039463,0,0
6,640.05,0.5,1.00E-06,309.7668751,815.6975832,0,0
6,645.05,0.5,1.00E-06,331.3767357,803.3169844,0,0
6,650.05,0.5,1.00E-06,349.073439,797.7820711,0,0
6,655.05,0.5,1.00E-06,362.7541484,795.5723058,0,0
6,660.05,0.5,1.00E-06,372.6848003,795.1201213,0,0
6,665.05,0.5,1.00E-06,379.2679534,795.6546267,0,0
6,670.05,0.5,1.00E-06,382.9395574,796.7841132,0,0
6,675.05,0.5,1.00E-06,384.1219706,798.3127932,0,0
6,680.05,0.5,1.00E-06,383.2037478,800.1501975,0,0
6,685.05,0.5,1.00E-06,380.5325852,802.2628463,0,0
6,690.05,0.5,1.00E-06,376.4146947,804.6472166,0,0
6,695.05,0.5,1.00E-06,371.117171,807.3142262,0,0
6,700.0333333,0.5,1.00E-06,364.8937454,810.2698585,0,0
6,705.05,0.5,1.00E-06,357.8778761,813.5620452,0,0
6,710.05,0.5,1.00E-06,350.3081836,817.1738156,0,0
6,715.05,0.5,1.00E-06,342.3102896,821.1258866,0,0
6,720.0333333,0.5,1.00E-06,334.0387895,825.4091512,0,0
6,725.05,0.5,1.00E-06,325.517613,830.069509,0,0
6,730.05,0.5,1.00E-06,316.9228415,835.059011,0,0
6,735.05,0.5,1.00E-06,308.3043919,840.3852554,0,0
6,740.05,0.5,1.00E-06,299.7280588,846.0372834,0,0
6,745.05,0.5,1.00E-06,291.2491679,852.0009281,0,0
6,750.05,0.5,1.00E-06,282.91413,858.2592411,0,0
6,755.05,0.5,1.00E-06,274.7619146,864.7928779,0,0
6,760.0333333,0.5,1.00E-06,266.8515858,871.5573998,0,0
6,765.0333333,0.5,1.00E-06,259.1586725,878.5748722,0,0
6,770.05,0.5,1.00E-06,251.7111774,885.8225417,0,0
6,775.05,0.5,1.00E-06,244.5819331,893.2256091,0,0
6,780.05,0.5,1.00E-06,237.7667558,900.7796621,0,0
6,785.05,0.5,1.00E-06,231.2826881,908.4551239,0,0
6,790.05,0.5,1.00E-06,225.1401719,916.221467,0,0
6,795.05,0.5,1.00E-06,219.341221,924.0479938,0,0
6,800.05,0.5,1.00E-06,213.8797573,931.9047596,0,0
6,805.05,0.5,1.00E-06,208.7436799,939.7633677,0,0
6,810.05,0.5,1.00E-06,203.9173376,947.5975142,0,0
6,815.0333333,1.00E-06,50,199.3981634,955.3574072,0,0
6,820.05,1.00E-06,50,212.553102,957.1100457,0,0
6,825.05,1.00E-06,50,228.6903988,946.7470644,0,0
6,830.05,1.00E-06,50,246.0731498,925.1532139,0,0
6,835.05,1.00E-06,50,265.16106,893.9668261,0,0
6,840.05,1.00E-06,50,286.8556026,855.2754678,0,0
6,845.0333333,0.25,20,312.1943659,811.4618873,0,0
6,850.05,0.25,20,340.8782959,774.8933288,0,0
6,855.05,0.25,20,370.4035865,749.5218656,0,0
6,860.05,0.25,20,400.3424827,729.5181422,0,0
6,865.05,0.25,20,430.6267676,712.3650881,0,0
6,870.05,0.25,20,461.3415355,696.7676142,0,0
6,875.05,0.25,20,492.6152638,682.0141141,0,0
6,880.05,0.25,20,524.5851838,667.7039646,0,0
6,885.05,0.25,20,557.3884152,653.6129278,0,0
6,890.05,0.25,20,591.1596312,639.6202108,0,0
6,895.05,0.25,20,626.0293914,625.6665649,0,0
6,900.05,0.25,20,662.1219945,611.7293669,0,0
6,905.05,0.25,20,699.5529425,597.8075281,0,0
6,910.05,0.25,20,738.4262676,583.9122954,0,0
6,915.05,0.25,20,778.8318881,570.0616606,0,0
6,920.05,0.25,20,820.8430851,556.2769975,0,0
6,925.05,0.25,20,864.5141397,542.5810721,0,0
6,930.05,0.25,20,909.8781942,528.9968918,0,0
6,935.05,0.25,20,956.9453969,515.5470599,0,0
6,940.0333333,0.25,20,1005.536078,502.2974448,0,0
6,945.0333333,0.25,20,1055.935446,489.180251,0,0
6,950.05,0.25,20,1108.093598,476.2171748,0,0
6,955.0333333,0.25,20,1161.390989,463.5550615,0,0
6,960.05,0.25,20,1216.422698,451.0420923,0,0
6,965.05,0.25,20,1272.505625,438.8204164,0,0
6,970.05,0.25,20,1329.657496,426.8629946,0,0
6,975.05,0.25,20,1387.696664,415.1833839,0,0
6,980.05,0.25,20,1446.426107,403.793714,0,0
6,985.0333333,0.25,20,1505.439389,392.7410893,0,0
6,990.05,0.25,20,1565.11447,381.9252829,0,0
6,995.0333333,0.25,20,1624.440319,371.4975943,0,0
6,1000.05,0.25,20,1683.991745,361.3246054,0,0
6,1005.033333,0.25,20,1742.765439,351.546013,0,0
6,1010.05,0.25,20,1801.3425,342.0340433,0,0
6,1015.05,0.25,20,1858.943301,332.8867383,0,0
6,1020.033333,0.25,20,1915.398241,324.1009725,0,0
6,1025.033333,0.25,20,1970.923352,315.6168784,0,0
6,1030.05,0.25,20,2025.362275,307.4354448,0,0
6,1035.033333,0.25,20,2078.053162,299.6331497,0,0
6,1040.05,0.25,20,2129.593166,292.1011536,0,0
6,1045.033333,0.25,20,2179.209076,284.934227,0,0
6,1050.05,0.25,20,2227.493673,278.0303206,0,0
6,1055.05,0.25,20,2273.903872,271.4529457,0,0
6,1060.033333,0.25,20,2318.419598,265.1916844,0,0
6,1065.05,0.25,20,2361.456159,259.1772502,0,0
6,1070.033333,0.25,20,2402.432632,253.4812895,0,0
6,1075.05,0.25,20,2441.900244,248.0189367,0,0
6,1080.033333,0.25,20,2479.348144,242.8539595,0,0
6,1085.05,0.25,20,2515.300383,237.9081995,0,0
6,1090.05,0.25,20,2549.420905,233.2230839,0,0
6,1095.05,0.25,20,2581.869658,228.7726118,0,0
6,1100.05,0.25,20,2612.68978,224.5476479,0,0
6,1105.05,0.25,20,2641.928858,220.5391179,0,0
6,1110.05,0.25,20,2669.63796,216.7380501,0,0
6,1115.033333,0.25,20,2695.785712,213.1472967,0,0
6,1120.05,0.25,20,2720.682786,209.7231243,0,0
6,1125.05,0.25,20,2744.13071,206.4921161,0,0
6,1130.033333,0.25,20,2766.200097,203.4442275,0,0
6,1135.033333,0.25,20,2787.09574,200.5510487,0,0
6,1140.05,0.25,20,2806.862402,197.8063861,0,0
6,1145.033333,0.25,20,2825.365106,195.2292748,0,0
6,1150.05,0.25,20,2842.906868,192.7779026,0,0
6,1155.05,0.25,20,2859.361512,190.4703598,0,0
6,1160.05,0.25,20,2874.841622,188.291486,0,0
6,1165.05,0.25,20,2889.398124,186.2347606,0,0
6,1170.05,0.25,20,2903.080195,184.2939275,0,0
6,1175.05,0.25,20,2915.93523,182.4629871,0,0
6,1180.05,0.25,20,2928.008771,180.7361935,0,0
6,1185.05,0.25,20,2939.344456,179.1080531,0,0
6,1190.05,0.25,20,2949.984022,177.573318,0,0
6,1195.05,0.25,20,2959.96732,176.1269777,0,0
6,1200.05,0.25,20,2969.332315,174.7642558,0,0
7,0,1,1.00E-06,43.7173,1694.19,0,0
7,5.016666667,1,1.00E-06,50.85360676,1678.197559,0,0
7,10.01666667,1,1.00E-06,57.28670985,1662.313151,0,0
7,15.01666667,1,1.00E-06,63.10618904,1646.636827,0,0
7,20.01666667,1,1.00E-06,68.37002647,1631.283429,0,0
7,25.01666667,1,1.00E-06,73.13036587,1616.33853,0,0
7,30.01666667,1,1.00E-06,77.43420989,1601.864885,0,0
7,35.01666667,1,1.00E-06,81.32400708,1587.907258,0,0
7,40.01666667,1,1.00E-06,84.83815268,1574.496126,0,0
7,45.01666667,1,1.00E-06,88.01142006,1561.650567,0,0
7,50.01666667,1,1.00E-06,90.8753366,1549.380554,0,0
7,55.01666667,1,1.00E-06,93.45851314,1537.68879,0,0
7,60.01666667,1,1.00E-06,95.78693605,1526.572192,0,0
7,65.01666667,1,1.00E-06,97.8842297,1516.023099,0,0
7,70.01666667,1,1.00E-06,99.77189449,1506.030254,0,0
7,75.01666667,1,1.00E-06,101.4695275,1496.579612,0,0
7,80.01666667,1,1.00E-06,102.9950317,1487.655,0,0
7,85.01666667,1,1.00E-06,104.364834,1479.238647,0,0
7,90.01666667,1,1.00E-06,105.5941077,1471.311623,0,0
7,95.01666667,1,1.00E-06,106.6970235,1463.854176,0,0
7,100.0166667,1,1.00E-06,107.687027,1456.845993,0,0
7,105.0166667,1,1.00E-06,108.5770999,1450.266383,0,0
7,110.0166667,1,1.00E-06,109.3799036,1444.09441,0,0
7,115.0166667,1,1.00E-06,110.1076379,1438.309001,0,0
7,120.0166667,1,1.00E-06,110.771552,1432.88908,0,0
7,125.0166667,1,1.00E-06,111.381327,1427.813769,0,0
7,130.0166667,1,1.00E-06,111.9447308,1423.062625,0,0
7,135.0166667,1,1.00E-06,112.4677084,1418.615874,0,0
7,140.0166667,1,1.00E-06,112.9547552,1414.454588,0,0
7,145.0166667,1,1.00E-06,113.4093369,1410.560784,0,0
7,150.0166667,1,1.00E-06,113.8342249,1406.917478,0,0
7,155.0166667,1.00E-06,50,114.2317296,1403.508675,0,0
7,160.0166667,1.00E-06,50,119.5870754,1396.87428,0,0
7,165.0166667,1.00E-06,50,125.8218933,1382.758225,0,0
7,170.0166667,1.00E-06,50,132.2594252,1360.229231,0,0
7,175.0166667,1.00E-06,50,138.909057,1328.757534,0,0
7,180.0166667,1.00E-06,50,145.9425095,1288.372211,0,0
7,185.0166667,1,1.00E-06,153.6327172,1239.747849,0,0
7,190.0166667,1,1.00E-06,161.3472937,1211.901075,0,0
7,195.0166667,1,1.00E-06,167.7821214,1203.181295,0,0
7,200.0166667,1,1.00E-06,172.8027516,1200.867255,0,0
7,205.0166667,1,1.00E-06,176.5084729,1201.474737,0,0
7,210.0166667,1,1.00E-06,179.0589955,1203.551368,0,0
7,215.0166667,1,1.00E-06,180.6230784,1206.385867,0,0
7,220.0166667,1,1.00E-06,181.3597793,1209.603059,0,0
7,225.0166667,1,1.00E-06,181.4118125,1212.999376,0,0
7,230.0166667,1,1.00E-06,180.9039819,1216.46488,0,0
7,235.0166667,1,1.00E-06,179.943806,1219.942423,0,0
7,240.0166667,1,1.00E-06,178.6230339,1223.404829,0,0
7,245.0166667,1,1.00E-06,177.0194458,1226.841645,0,0
7,250.0166667,1,1.00E-06,175.1986514,1230.251291,0,0
7,255.0166667,1,1.00E-06,173.2157627,1233.636399,0,0
7,260.0166667,1,1.00E-06,171.116891,1237.00108,0,0
7,265.0166667,1,1.00E-06,168.9404617,1240.349387,0,0
7,270.0166667,1,1.00E-06,166.7183542,1243.684512,0,0
7,275.0166667,1,1.00E-06,164.4768847,1247.00842,0,0
7,280.0166667,1,1.00E-06,162.2376534,1250.321768,0,0
7,285.0166667,1,1.00E-06,160.0182749,1253.623963,0,0
7,290.0166667,1,1.00E-06,157.8330132,1256.913306,0,0
7,295.0166667,1,1.00E-06,155.6933413,1260.187176,0,0
7,300.0166667,1,1.00E-06,153.6084384,1263.442202,0,0
7,305.0166667,1,1.00E-06,151.5856619,1266.674442,0,0
7,310.0166667,1,1.00E-06,149.6310151,1269.879517,0,0
7,315.0166667,1,1.00E-06,147.7496112,1273.052714,0,0
7,320.0166667,1,1.00E-06,145.9460915,1276.189052,0,0
7,325.0166667,1,1.00E-06,144.2249868,1279.2833,0,0
7,330.0166667,1,1.00E-06,142.590717,1282.329984,0,0
7,335.0166667,1.00E-06,50,141.0471232,1285.32343,0,0
7,340.0166667,1.00E-06,50,146.2121296,1284.412105,0,0
7,345.0166667,1.00E-06,50,152.589771,1275.018174,0,0
7,350.0166667,1.00E-06,50,159.295086,1256.412046,0,0
7,355.0166667,1.00E-06,50,166.3572315,1228.338021,0,0
7,360.0166667,1.00E-06,50,174.0128022,1191.126742,0,0
7,365.0166667,1,1.00E-06,182.6231197,1145.725886,0,0
7,370.0166667,1,1.00E-06,191.3631301,1120.803522,0,0
7,375.0166667,1,1.00E-06,198.4854432,1115.192262,0,0
7,380.0166667,1,1.00E-06,203.7882216,1116.098458,0,0
7,385.0166667,1,1.00E-06,207.4037695,1119.912528,0,0
7,390.0166667,1,1.00E-06,209.5515961,1125.12282,0,0
7,395.0166667,1,1.00E-06,210.4634263,1130.992655,0,0
7,400.0166667,1,1.00E-06,210.3560155,1137.138192,0,0
7,405.0166667,1,1.00E-06,209.4218619,1143.355489,0,0
7,410.0166667,1,1.00E-06,207.827361,1149.538212,0,0
7,415.0166667,1,1.00E-06,205.7140872,1155.634514,0,0
7,420.0166667,1,1.00E-06,203.20128,1161.623018,0,0
7,425.0166667,1,1.00E-06,200.3886504,1167.498926,0,0
7,430.0333333,1,1.00E-06,197.3487287,1173.284906,0,0
7,435.0166667,1,1.00E-06,194.1812552,1178.931061,0,0
7,440.0333333,1,1.00E-06,190.9005599,1184.521081,0,0
7,445.0166667,1,1.00E-06,187.5962573,1189.988123,0,0
7,450.0166667,1,1.00E-06,184.2729773,1195.393545,0,0
7,455.0166667,1,1.00E-06,180.9721092,1200.723328,0,0
7,460.0166667,1,1.00E-06,177.7179831,1205.980176,0,0
7,465.0166667,1,1.00E-06,174.5298659,1211.16522,0,0
7,470.0166667,1,1.00E-06,171.4228152,1216.278228,0,0
7,475.0166667,1,1.00E-06,168.4084173,1221.317833,0,0
7,480.0166667,1,1.00E-06,165.4954497,1226.281768,0,0
7,485.0166667,1,1.00E-06,162.6904688,1231.16707,0,0
7,490.0166667,1,1.00E-06,159.9983908,1235.970257,0,0
7,495.0166667,1,1.00E-06,157.4230352,1240.687457,0,0
7,500.0166667,1,1.00E-06,154.9676453,1245.314486,0,0
7,505.0166667,1,1.00E-06,152.6352731,1249.846892,0,0
7,510.0166667,1,1.00E-06,150.4288015,1254.279968,0,0
7,515.0166667,1.00E-06,50,148.3504553,1258.608807,0,0
7,520.0166667,1.00E-06,50,153.484756,1258.884371,0,0
7,525.0166667,1.00E-06,50,159.9203148,1250.451555,0,0
7,530.0166667,1.00E-06,50,166.7158579,1232.633803,0,0
7,535.0166667,1.00E-06,50,173.9077784,1205.244919,0,0
7,540.0166667,1.00E-06,50,181.7519024,1168.689133,0,0
7,545.0333333,1,1.00E-06,190.6666755,1123.81674,0,0
7,550.0166667,1,1.00E-06,199.6873535,1099.519826,0,0
7,555.0166667,1,1.00E-06,207.0286803,1094.5026,0,0
7,560.0166667,1,1.00E-06,212.4335952,1096.055506,0,0
7,565.0166667,1,1.00E-06,216.0426296,1100.528647,0,0
7,570.0166667,1,1.00E-06,218.0922043,1106.392317,0,0
7,575.0166667,1,1.00E-06,218.8322421,1112.901803,0,0
7,580.0166667,1,1.00E-06,218.496302,1119.670004,0,0
7,585.0333333,1,1.00E-06,217.2861652,1126.514768,0,0
7,590.0166667,1,1.00E-06,215.3961796,1133.261926,0,0
7,595.0166667,1,1.00E-06,212.9620988,1139.928482,0,0
7,600.0166667,1,1.00E-06,210.1164683,1146.471319,0,0
7,605.0166667,1,1.00E-06,206.9654157,1152.886608,0,0
7,610.0166667,1,1.00E-06,203.5969145,1159.178856,0,0
7,615.0166667,1,1.00E-06,200.0835088,1165.35608,0,0
7,620.0166667,1,1.00E-06,196.4847042,1171.427035,0,0
7,625.0333333,1,1.00E-06,192.8368961,1177.419461,0,0
7,630.0166667,1,1.00E-06,189.2158018,1183.280579,0,0
7,635.0166667,1,1.00E-06,185.6166123,1189.074339,0,0
7,640.0166667,1,1.00E-06,182.0766025,1194.783895,0,0
7,645.0166667,1,1.00E-06,178.6155366,1200.410517,0,0
7,650.0166667,1,1.00E-06,175.2487169,1205.954049,0,0
7,655.0166667,1,1.00E-06,171.9877828,1211.413168,0,0
7,660.0166667,1,1.00E-06,168.8414118,1216.785618,0,0
7,665.0166667,1,1.00E-06,165.8159458,1222.068428,0,0
7,670.0166667,1,1.00E-06,162.9159969,1227.258099,0,0
7,675.0166667,1,1.00E-06,160.1450267,1232.350739,0,0
7,680.0166667,1,1.00E-06,157.5058789,1237.342146,0,0
7,685.0166667,1,1.00E-06,155.0011846,1242.227855,0,0
7,690.0166667,1,1.00E-06,152.6333932,1247.003157,0,0
7,695.0166667,1.00E-06,50,150.4042704,1251.663149,0,0
7,700.0166667,1.00E-06,50,155.5264958,1252.232235,0,0
7,705.0166667,1.00E-06,50,161.97459,1244.034627,0,0
7,710.0166667,1.00E-06,50,168.7919696,1226.408435,0,0
7,715.0166667,1.00E-06,50,176.0170989,1199.18639,0,0
7,720.0166667,1.00E-06,50,183.9111278,1162.792467,0,0
7,725.0166667,1,1.00E-06,192.8675714,1118.254862,0,0
7,730.0166667,1,1.00E-06,201.9932207,1094.073662,0,0
7,735.0166667,1,1.00E-06,209.3804953,1089.239723,0,0
7,740.0166667,1,1.00E-06,214.8009102,1090.964205,0,0
7,745.0166667,1,1.00E-06,218.3978024,1095.603466,0,0
7,750.0166667,1,1.00E-06,220.4121757,1101.628422,0,0
7,755.0166667,1,1.00E-06,221.0987088,1108.294449,0,0
7,760.0166667,1,1.00E-06,220.6952946,1115.214611,0,0
7,765.0166667,1,1.00E-06,219.4127011,1122.184324,0,0
7,770.0166667,1,1.00E-06,217.432591,1129.097804,0,0
7,775.0166667,1,1.00E-06,214.9090342,1135.904283,0,0
7,780.0166667,1,1.00E-06,211.9713488,1142.58362,0,0
7,785.0166667,1,1.00E-06,208.7272788,1149.132226,0,0
7,790.0166667,1,1.00E-06,205.2660675,1155.554809,0,0
7,795.0166667,1,1.00E-06,201.6612433,1161.859546,0,0
7,800.0166667,1,1.00E-06,197.9730634,1168.055309,0,0
7,805.0166667,1,1.00E-06,194.2506198,1174.15017,0,0
7,810.0166667,1,1.00E-06,190.5336356,1180.150661,0,0
7,815.0166667,1,1.00E-06,186.8539905,1186.061507,0,0
7,820.0166667,1,1.00E-06,183.2370114,1191.885627,0,0
7,825.0166667,1,1.00E-06,179.7025695,1197.624284,0,0
7,830.0166667,1,1.00E-06,176.2660123,1203.277312,0,0
7,835.0166667,1,1.00E-06,172.9389738,1208.843363,0,0
7,840.0166667,1,1.00E-06,169.7300889,1214.320154,0,0
7,845.0166667,1,1.00E-06,166.6456318,1219.704686,0,0
7,850.0166667,1,1.00E-06,163.6901248,1224.993432,0,0
7,855.0166667,1,1.00E-06,160.8669265,1230.182469,0,0
7,860.0166667,1,1.00E-06,158.1787695,1235.267571,0,0
7,865.0166667,1,1.00E-06,155.628168,1240.244249,0,0
7,870.0166667,1,1.00E-06,153.2174489,1245.107773,0,0
7,875.0166667,1.00E-06,50,150.9482545,1249.853228,0,0
7,880.0333333,1.00E-06,50,156.0877536,1250.485977,0,0
7,885.0166667,1.00E-06,50,162.5185488,1242.360955,0,0
7,890.0166667,1.00E-06,50,169.3416363,1224.783999,0,0
7,895.0333333,1.00E-06,50,176.6005487,1197.498518,0,0
7,900.0166667,1.00E-06,50,184.4826888,1161.252708,0,0
7,905.0166667,1,1.00E-06,193.458566,1116.760107,0,0
7,910.0166667,1,1.00E-06,202.6060265,1092.616893,0,0
7,915.0166667,1,1.00E-06,210.0082981,1087.822795,0,0
7,920.0166667,1,1.00E-06,215.4353127,1089.589593,0,0
7,925.0166667,1,1.00E-06,219.0310083,1094.271794,0,0
7,930.0166667,1,1.00E-06,221.0376069,1100.33934,0,0
7,935.0333333,1,1.00E-06,221.7113876,1107.070086,0,0
7,940.0166667,0.25,20,221.2905842,1114.008108,0,0
